year_month,cuisine,avg_rating
2005-03,Bars,3.8333333333333335
2005-03,Food,3.0
2005-03,Nightlife,4.0
2005-03,Restaurants,4.125
2005-04,Restaurants,4.0
2005-06,Breakfast & Brunch,3.5
2005-06,Restaurants,4.285714285714286
2005-07,Bars,5.0
2005-07,Food,5.0
2005-07,Nightlife,5.0
2005-07,Restaurants,3.0
2005-08,Restaurants,4.5
2005-09,Bars,2.5
2005-09,Breakfast & Brunch,3.0
2005-09,Food,4.0
2005-09,Nightlife,3.3333333333333335
2005-09,Restaurants,4.0
2005-10,Restaurants,5.0
2005-11,Bars,3.0
2005-11,Breakfast & Brunch,3.0
2005-11,Food,3.0
2005-11,Nightlife,3.0
2005-11,Restaurants,3.9
2005-12,Bars,4.0
2005-12,Nightlife,4.0
2005-12,Restaurants,4.25
2006-01,Bars,4.5
2006-01,Breakfast & Brunch,4.0
2006-01,Food,5.0
2006-01,Nightlife,4.5
2006-01,Restaurants,4.0
2006-02,Bars,4.4
2006-02,Breakfast & Brunch,3.8
2006-02,Food,4.5
2006-02,Nightlife,4.4
2006-02,Restaurants,4.434782608695652
2006-03,Food,4.0
2006-03,Restaurants,4.25
2006-04,Bars,5.0
2006-04,Breakfast & Brunch,3.0
2006-04,Food,3.5
2006-04,Nightlife,5.0
2006-04,Restaurants,3.6666666666666665
2006-05,Bars,2.6666666666666665
2006-05,Breakfast & Brunch,4.5
2006-05,Food,3.0
2006-05,Nightlife,2.75
2006-05,Restaurants,3.8125
2006-06,Bars,3.6
2006-06,Breakfast & Brunch,4.0
2006-06,Food,4.5
2006-06,Nightlife,3.6
2006-06,Restaurants,4.05
2006-07,Bars,3.0
2006-07,Breakfast & Brunch,3.8
2006-07,Food,4.5
2006-07,Nightlife,3.0
2006-07,Restaurants,3.9615384615384617
2006-08,Bars,4.083333333333333
2006-08,Breakfast & Brunch,4.166666666666667
2006-08,Food,3.857142857142857
2006-08,Nightlife,4.153846153846154
2006-08,Restaurants,4.111111111111111
2006-09,Bars,4.4
2006-09,Breakfast & Brunch,4.166666666666667
2006-09,Food,3.8
2006-09,Nightlife,4.4
2006-09,Restaurants,4.3
2006-10,Bars,4.0
2006-10,Breakfast & Brunch,3.8333333333333335
2006-10,Food,4.333333333333333
2006-10,Nightlife,4.0
2006-10,Restaurants,4.0
2006-11,Bars,4.166666666666667
2006-11,Breakfast & Brunch,3.6
2006-11,Food,3.0
2006-11,Nightlife,4.166666666666667
2006-11,Restaurants,4.230769230769231
2006-12,Bars,4.6
2006-12,Breakfast & Brunch,4.125
2006-12,Food,4.5
2006-12,Nightlife,4.6
2006-12,Restaurants,3.9565217391304346
2007-01,Bars,4.0
2007-01,Breakfast & Brunch,4.0
2007-01,Food,4.3076923076923075
2007-01,Nightlife,4.0
2007-01,Restaurants,3.8860759493670884
2007-02,Bars,3.5714285714285716
2007-02,Breakfast & Brunch,4.0
2007-02,Food,3.6666666666666665
2007-02,Nightlife,3.5714285714285716
2007-02,Restaurants,4.127272727272727
2007-03,Bars,3.6153846153846154
2007-03,Breakfast & Brunch,3.6153846153846154
2007-03,Food,3.8
2007-03,Nightlife,3.5714285714285716
2007-03,Restaurants,3.6363636363636362
2007-04,Bars,4.181818181818182
2007-04,Breakfast & Brunch,3.7777777777777777
2007-04,Food,3.9767441860465116
2007-04,Nightlife,4.181818181818182
2007-04,Restaurants,3.9302325581395348
2007-05,Bars,4.375
2007-05,Breakfast & Brunch,3.625
2007-05,Food,3.8333333333333335
2007-05,Nightlife,4.111111111111111
2007-05,Restaurants,4.0
2007-06,Bars,4.466666666666667
2007-06,Breakfast & Brunch,4.375
2007-06,Food,4.473684210526316
2007-06,Nightlife,4.466666666666667
2007-06,Restaurants,4.170454545454546
2007-07,Bars,4.363636363636363
2007-07,Breakfast & Brunch,3.9
2007-07,Food,3.84
2007-07,Nightlife,4.363636363636363
2007-07,Restaurants,3.7403846153846154
2007-08,Bars,4.181818181818182
2007-08,Breakfast & Brunch,3.6666666666666665
2007-08,Food,4.323529411764706
2007-08,Nightlife,4.171428571428572
2007-08,Restaurants,3.7950819672131146
2007-09,Bars,3.75
2007-09,Breakfast & Brunch,3.8666666666666667
2007-09,Food,4.090909090909091
2007-09,Nightlife,3.823529411764706
2007-09,Restaurants,3.9375
2007-10,Bars,4.066666666666666
2007-10,Breakfast & Brunch,3.8095238095238093
2007-10,Food,3.608695652173913
2007-10,Nightlife,4.0625
2007-10,Restaurants,3.803921568627451
2007-11,Bars,4.096774193548387
2007-11,Breakfast & Brunch,3.789473684210526
2007-11,Food,4.1923076923076925
2007-11,Nightlife,4.03030303030303
2007-11,Restaurants,3.8677685950413223
2007-12,Bars,3.15
2007-12,Breakfast & Brunch,3.375
2007-12,Food,3.7222222222222223
2007-12,Nightlife,3.15
2007-12,Restaurants,3.5113636363636362
2008-01,Bars,3.764705882352941
2008-01,Breakfast & Brunch,4.166666666666667
2008-01,Food,4.0
2008-01,Nightlife,3.764705882352941
2008-01,Restaurants,3.7628865979381443
2008-02,Bars,3.8823529411764706
2008-02,Breakfast & Brunch,3.8
2008-02,Food,3.875
2008-02,Nightlife,3.888888888888889
2008-02,Restaurants,3.9245283018867925
2008-03,Bars,3.7666666666666666
2008-03,Breakfast & Brunch,3.7666666666666666
2008-03,Food,3.883720930232558
2008-03,Nightlife,3.774193548387097
2008-03,Restaurants,3.7933333333333334
2008-04,Bars,3.857142857142857
2008-04,Breakfast & Brunch,3.925925925925926
2008-04,Food,4.096774193548387
2008-04,Nightlife,3.875
2008-04,Restaurants,3.9098360655737703
2008-05,Bars,3.65
2008-05,Breakfast & Brunch,3.823529411764706
2008-05,Food,3.7547169811320753
2008-05,Nightlife,3.65
2008-05,Restaurants,3.7556818181818183
2008-06,Bars,3.8043478260869565
2008-06,Breakfast & Brunch,3.8055555555555554
2008-06,Food,3.9523809523809526
2008-06,Nightlife,3.76
2008-06,Restaurants,3.8260869565217392
2008-07,Bars,3.8076923076923075
2008-07,Breakfast & Brunch,3.911764705882353
2008-07,Food,3.656716417910448
2008-07,Nightlife,3.8076923076923075
2008-07,Restaurants,3.8080357142857144
2008-08,Bars,3.65
2008-08,Breakfast & Brunch,3.3783783783783785
2008-08,Food,3.6666666666666665
2008-08,Nightlife,3.65
2008-08,Restaurants,3.5848214285714284
2008-09,Bars,3.9782608695652173
2008-09,Breakfast & Brunch,3.2666666666666666
2008-09,Food,3.6666666666666665
2008-09,Nightlife,3.9166666666666665
2008-09,Restaurants,3.799019607843137
2008-10,Bars,3.763157894736842
2008-10,Breakfast & Brunch,3.9210526315789473
2008-10,Food,3.840909090909091
2008-10,Nightlife,3.763157894736842
2008-10,Restaurants,3.6853932584269664
2008-11,Bars,3.793103448275862
2008-11,Breakfast & Brunch,3.8333333333333335
2008-11,Food,3.914285714285714
2008-11,Nightlife,3.7666666666666666
2008-11,Restaurants,3.813008130081301
2008-12,Bars,3.8181818181818183
2008-12,Breakfast & Brunch,3.3333333333333335
2008-12,Food,3.72972972972973
2008-12,Nightlife,3.823529411764706
2008-12,Restaurants,3.6483516483516483
2009-01,Bars,3.7058823529411766
2009-01,Breakfast & Brunch,3.9148936170212765
2009-01,Food,3.71875
2009-01,Nightlife,3.7115384615384617
2009-01,Restaurants,3.730088495575221
2009-02,Bars,3.9661016949152543
2009-02,Breakfast & Brunch,3.795918367346939
2009-02,Food,3.843137254901961
2009-02,Nightlife,3.9661016949152543
2009-02,Restaurants,3.7579908675799087
2009-03,Bars,3.9014084507042255
2009-03,Breakfast & Brunch,3.830188679245283
2009-03,Food,3.8987341772151898
2009-03,Nightlife,3.888888888888889
2009-03,Restaurants,3.7152542372881356
2009-04,Bars,3.8904109589041096
2009-04,Breakfast & Brunch,3.8076923076923075
2009-04,Food,3.796875
2009-04,Nightlife,3.8904109589041096
2009-04,Restaurants,3.724264705882353
2009-05,Bars,3.823529411764706
2009-05,Breakfast & Brunch,3.875
2009-05,Food,3.693548387096774
2009-05,Nightlife,3.823529411764706
2009-05,Restaurants,3.7268722466960353
2009-06,Bars,3.5510204081632653
2009-06,Breakfast & Brunch,3.8472222222222223
2009-06,Food,3.725806451612903
2009-06,Nightlife,3.5510204081632653
2009-06,Restaurants,3.681274900398406
2009-07,Bars,3.7252747252747254
2009-07,Breakfast & Brunch,3.64
2009-07,Food,3.7204301075268815
2009-07,Nightlife,3.7311827956989245
2009-07,Restaurants,3.7231638418079096
2009-08,Bars,3.6338028169014085
2009-08,Breakfast & Brunch,3.8923076923076922
2009-08,Food,3.927710843373494
2009-08,Nightlife,3.643835616438356
2009-08,Restaurants,3.7745098039215685
2009-09,Bars,3.6292134831460676
2009-09,Breakfast & Brunch,3.7083333333333335
2009-09,Food,3.6826923076923075
2009-09,Nightlife,3.611111111111111
2009-09,Restaurants,3.656716417910448
2009-10,Bars,3.75
2009-10,Breakfast & Brunch,3.7358490566037736
2009-10,Food,4.304347826086956
2009-10,Nightlife,3.75
2009-10,Restaurants,3.7851239669421486
2009-11,Bars,3.811320754716981
2009-11,Breakfast & Brunch,3.9827586206896552
2009-11,Food,3.9523809523809526
2009-11,Nightlife,3.811320754716981
2009-11,Restaurants,3.7511111111111113
2009-12,Bars,3.672727272727273
2009-12,Breakfast & Brunch,4.074074074074074
2009-12,Food,4.072727272727272
2009-12,Nightlife,3.6964285714285716
2009-12,Restaurants,3.763157894736842
2010-01,Bars,3.860215053763441
2010-01,Breakfast & Brunch,3.9705882352941178
2010-01,Food,3.8202247191011236
2010-01,Nightlife,3.826530612244898
2010-01,Restaurants,3.8069164265129682
2010-02,Bars,4.070588235294117
2010-02,Breakfast & Brunch,3.7976190476190474
2010-02,Food,3.9347826086956523
2010-02,Nightlife,4.068181818181818
2010-02,Restaurants,3.808176100628931
2010-03,Bars,3.704225352112676
2010-03,Breakfast & Brunch,4.132352941176471
2010-03,Food,3.8536585365853657
2010-03,Nightlife,3.712328767123288
2010-03,Restaurants,3.7846153846153845
2010-04,Bars,3.950980392156863
2010-04,Breakfast & Brunch,3.989247311827957
2010-04,Food,4.172727272727273
2010-04,Nightlife,3.952830188679245
2010-04,Restaurants,3.8547215496368037
2010-05,Bars,3.8448275862068964
2010-05,Breakfast & Brunch,3.8275862068965516
2010-05,Food,4.0
2010-05,Nightlife,3.8290598290598292
2010-05,Restaurants,3.707808564231738
2010-06,Bars,3.5555555555555554
2010-06,Breakfast & Brunch,3.864406779661017
2010-06,Food,3.9383561643835616
2010-06,Nightlife,3.5596330275229358
2010-06,Restaurants,3.7551867219917012
2010-07,Bars,3.707865168539326
2010-07,Breakfast & Brunch,3.78125
2010-07,Food,3.7757009345794392
2010-07,Nightlife,3.688888888888889
2010-07,Restaurants,3.7193763919821827
2010-08,Bars,3.7202797202797204
2010-08,Breakfast & Brunch,3.716417910447761
2010-08,Food,3.8855421686746987
2010-08,Nightlife,3.707482993197279
2010-08,Restaurants,3.8096828046744573
2010-09,Bars,3.7674418604651163
2010-09,Breakfast & Brunch,3.857142857142857
2010-09,Food,3.8489208633093526
2010-09,Nightlife,3.786259541984733
2010-09,Restaurants,3.736111111111111
2010-10,Bars,3.6940298507462686
2010-10,Breakfast & Brunch,3.911111111111111
2010-10,Food,3.792079207920792
2010-10,Nightlife,3.6956521739130435
2010-10,Restaurants,3.7505330490405115
2010-11,Bars,3.892857142857143
2010-11,Breakfast & Brunch,3.7864077669902914
2010-11,Food,3.7222222222222223
2010-11,Nightlife,3.8849557522123894
2010-11,Restaurants,3.8079800498753116
2010-12,Bars,3.808988764044944
2010-12,Breakfast & Brunch,3.707865168539326
2010-12,Food,3.806122448979592
2010-12,Nightlife,3.8351648351648353
2010-12,Restaurants,3.7706666666666666
2011-01,Bars,3.8208955223880596
2011-01,Breakfast & Brunch,3.722689075630252
2011-01,Food,3.901315789473684
2011-01,Nightlife,3.8333333333333335
2011-01,Restaurants,3.806159420289855
2011-02,Bars,3.7658227848101267
2011-02,Breakfast & Brunch,3.712121212121212
2011-02,Food,3.7905405405405403
2011-02,Nightlife,3.759259259259259
2011-02,Restaurants,3.739057239057239
2011-03,Bars,3.9662162162162162
2011-03,Breakfast & Brunch,3.8013698630136985
2011-03,Food,3.982142857142857
2011-03,Nightlife,3.966666666666667
2011-03,Restaurants,3.892332789559543
2011-04,Bars,3.924324324324324
2011-04,Breakfast & Brunch,3.8106060606060606
2011-04,Food,3.903409090909091
2011-04,Nightlife,3.9105263157894736
2011-04,Restaurants,3.7983471074380164
2011-05,Bars,3.603550295857988
2011-05,Breakfast & Brunch,3.859154929577465
2011-05,Food,3.8181818181818183
2011-05,Nightlife,3.606936416184971
2011-05,Restaurants,3.69431643625192
2011-06,Bars,3.8152173913043477
2011-06,Breakfast & Brunch,3.8194444444444446
2011-06,Food,3.8650306748466257
2011-06,Nightlife,3.810810810810811
2011-06,Restaurants,3.792682926829268
2011-07,Bars,3.8292682926829267
2011-07,Breakfast & Brunch,3.769633507853403
2011-07,Food,3.957943925233645
2011-07,Nightlife,3.8300970873786406
2011-07,Restaurants,3.8217446270543616
2011-08,Bars,3.6968325791855206
2011-08,Breakfast & Brunch,3.7453416149068324
2011-08,Food,3.79
2011-08,Nightlife,3.689189189189189
2011-08,Restaurants,3.704635761589404
2011-09,Bars,3.751412429378531
2011-09,Breakfast & Brunch,3.6343283582089554
2011-09,Food,3.763440860215054
2011-09,Nightlife,3.723756906077348
2011-09,Restaurants,3.7433234421364987
2011-10,Bars,3.8447204968944098
2011-10,Breakfast & Brunch,3.7936507936507935
2011-10,Food,3.8682634730538923
2011-10,Nightlife,3.841463414634146
2011-10,Restaurants,3.7716150081566067
2011-11,Bars,3.6687898089171975
2011-11,Breakfast & Brunch,3.7846153846153845
2011-11,Food,3.838709677419355
2011-11,Nightlife,3.639751552795031
2011-11,Restaurants,3.6884422110552766
2011-12,Bars,3.808219178082192
2011-12,Breakfast & Brunch,3.980392156862745
2011-12,Food,3.7434210526315788
2011-12,Nightlife,3.776315789473684
2011-12,Restaurants,3.6756238003838773
2012-01,Bars,3.947089947089947
2012-01,Breakfast & Brunch,3.8613138686131387
2012-01,Food,3.8395061728395063
2012-01,Nightlife,3.9368421052631577
2012-01,Restaurants,3.794238683127572
2012-02,Bars,3.8
2012-02,Breakfast & Brunch,3.8503401360544216
2012-02,Food,3.8509615384615383
2012-02,Nightlife,3.792452830188679
2012-02,Restaurants,3.722308892355694
2012-03,Bars,3.7717391304347827
2012-03,Breakfast & Brunch,3.923611111111111
2012-03,Food,3.96137339055794
2012-03,Nightlife,3.789473684210526
2012-03,Restaurants,3.7985915492957747
2012-04,Bars,3.8378378378378377
2012-04,Breakfast & Brunch,3.755434782608696
2012-04,Food,4.024193548387097
2012-04,Nightlife,3.845744680851064
2012-04,Restaurants,3.7916083916083916
2012-05,Bars,3.902702702702703
2012-05,Breakfast & Brunch,3.798816568047337
2012-05,Food,3.9184549356223175
2012-05,Nightlife,3.8781725888324874
2012-05,Restaurants,3.771767810026385
2012-06,Bars,3.7783783783783784
2012-06,Breakfast & Brunch,3.768361581920904
2012-06,Food,4.0
2012-06,Nightlife,3.789473684210526
2012-06,Restaurants,3.7972636815920398
2012-07,Bars,4.0
2012-07,Breakfast & Brunch,3.951923076923077
2012-07,Food,4.03960396039604
2012-07,Nightlife,4.0199203187251
2012-07,Restaurants,3.818880351262349
2012-08,Bars,3.81042654028436
2012-08,Breakfast & Brunch,3.6306818181818183
2012-08,Food,3.813620071684588
2012-08,Nightlife,3.8287037037037037
2012-08,Restaurants,3.7322738386308068
2012-09,Bars,3.9017094017094016
2012-09,Breakfast & Brunch,3.910958904109589
2012-09,Food,3.8660714285714284
2012-09,Nightlife,3.930894308943089
2012-09,Restaurants,3.7864864864864867
2012-10,Bars,3.787709497206704
2012-10,Breakfast & Brunch,3.83974358974359
2012-10,Food,3.8008658008658007
2012-10,Nightlife,3.7783783783783784
2012-10,Restaurants,3.763157894736842
2012-11,Bars,3.745664739884393
2012-11,Breakfast & Brunch,3.8984375
2012-11,Food,3.9730941704035874
2012-11,Nightlife,3.7752808988764044
2012-11,Restaurants,3.7820710973724885
2012-12,Bars,3.8922155688622753
2012-12,Breakfast & Brunch,3.7948717948717947
2012-12,Food,3.860103626943005
2012-12,Nightlife,3.907514450867052
2012-12,Restaurants,3.68824531516184
2013-01,Bars,3.8195876288659796
2013-01,Breakfast & Brunch,3.9006622516556293
2013-01,Food,3.925
2013-01,Nightlife,3.8366336633663365
2013-01,Restaurants,3.7362924281984333
2013-02,Bars,3.7818181818181817
2013-02,Breakfast & Brunch,3.994350282485876
2013-02,Food,3.875
2013-02,Nightlife,3.769662921348315
2013-02,Restaurants,3.7612732095490715
2013-03,Bars,3.9471153846153846
2013-03,Breakfast & Brunch,3.742424242424242
2013-03,Food,3.961038961038961
2013-03,Nightlife,3.9209302325581397
2013-03,Restaurants,3.7458628841607564
2013-04,Bars,3.921259842519685
2013-04,Breakfast & Brunch,3.9674418604651165
2013-04,Food,3.8957654723127035
2013-04,Nightlife,3.9160305343511452
2013-04,Restaurants,3.8456591639871385
2013-05,Bars,3.843137254901961
2013-05,Breakfast & Brunch,3.6451612903225805
2013-05,Food,3.7705882352941176
2013-05,Nightlife,3.8257575757575757
2013-05,Restaurants,3.7293233082706765
2013-06,Bars,3.839622641509434
2013-06,Breakfast & Brunch,3.795698924731183
2013-06,Food,3.8917197452229297
2013-06,Nightlife,3.82648401826484
2013-06,Restaurants,3.7455410225921524
2013-07,Bars,3.9545454545454546
2013-07,Breakfast & Brunch,3.6844106463878328
2013-07,Food,3.8020050125313283
2013-07,Nightlife,3.953216374269006
2013-07,Restaurants,3.743634767339772
2013-08,Bars,3.8370607028753994
2013-08,Breakfast & Brunch,3.795620437956204
2013-08,Food,4.0378619153674835
2013-08,Nightlife,3.8309037900874636
2013-08,Restaurants,3.853233830845771
2013-09,Bars,3.871794871794872
2013-09,Breakfast & Brunch,3.828054298642534
2013-09,Food,3.98974358974359
2013-09,Nightlife,3.872628726287263
2013-09,Restaurants,3.8296903460837886
2013-10,Bars,3.9625
2013-10,Breakfast & Brunch,4.0
2013-10,Food,4.020348837209302
2013-10,Nightlife,3.952755905511811
2013-10,Restaurants,3.8360128617363345
2013-11,Bars,3.958801498127341
2013-11,Breakfast & Brunch,3.980295566502463
2013-11,Food,4.036585365853658
2013-11,Nightlife,3.942652329749104
2013-11,Restaurants,3.8853503184713376
2013-12,Bars,3.7620817843866172
2013-12,Breakfast & Brunch,4.0078740157480315
2013-12,Food,3.981333333333333
2013-12,Nightlife,3.7385159010600706
2013-12,Restaurants,3.765702891326022
2014-01,Bars,3.884375
2014-01,Breakfast & Brunch,3.984732824427481
2014-01,Food,3.9488372093023254
2014-01,Nightlife,3.8895522388059702
2014-01,Restaurants,3.8870689655172415
2014-02,Bars,3.9405940594059405
2014-02,Breakfast & Brunch,4.044
2014-02,Food,3.992462311557789
2014-02,Nightlife,3.9274447949526814
2014-02,Restaurants,3.863509749303621
2014-03,Bars,3.9289940828402368
2014-03,Breakfast & Brunch,3.853968253968254
2014-03,Food,3.970401691331924
2014-03,Nightlife,3.863760217983651
2014-03,Restaurants,3.8256735340729002
2014-04,Bars,3.990566037735849
2014-04,Breakfast & Brunch,3.890909090909091
2014-04,Food,4.040284360189573
2014-04,Nightlife,4.008955223880597
2014-04,Restaurants,3.8568840579710146
2014-05,Bars,3.8936781609195403
2014-05,Breakfast & Brunch,3.9335664335664338
2014-05,Food,4.006912442396313
2014-05,Nightlife,3.9005524861878453
2014-05,Restaurants,3.8785656071719643
2014-06,Bars,4.035294117647059
2014-06,Breakfast & Brunch,3.972136222910217
2014-06,Food,3.9544513457556936
2014-06,Nightlife,4.03899721448468
2014-06,Restaurants,3.908130081300813
2014-07,Bars,3.845814977973568
2014-07,Breakfast & Brunch,3.8579088471849867
2014-07,Food,3.9365942028985508
2014-07,Nightlife,3.8347280334728033
2014-07,Restaurants,3.7723035952063917
2014-08,Bars,3.942257217847769
2014-08,Breakfast & Brunch,3.921450151057402
2014-08,Food,3.9613152804642167
2014-08,Nightlife,3.957286432160804
2014-08,Restaurants,3.877094972067039
2014-09,Bars,3.9533678756476682
2014-09,Breakfast & Brunch,3.8978978978978978
2014-09,Food,4.010060362173038
2014-09,Nightlife,3.9401496259351623
2014-09,Restaurants,3.8937784522003036
2014-10,Bars,3.9974874371859297
2014-10,Breakfast & Brunch,3.892744479495268
2014-10,Food,3.8548387096774195
2014-10,Nightlife,3.9901477832512313
2014-10,Restaurants,3.8522205206738134
2014-11,Bars,3.972299168975069
2014-11,Breakfast & Brunch,4.092537313432836
2014-11,Food,4.00462962962963
2014-11,Nightlife,3.9838274932614555
2014-11,Restaurants,3.9193811074918568
2014-12,Bars,4.125850340136054
2014-12,Breakfast & Brunch,4.025925925925926
2014-12,Food,3.9673024523160763
2014-12,Nightlife,4.121710526315789
2014-12,Restaurants,3.9307764265668848
2015-01,Bars,3.921658986175115
2015-01,Breakfast & Brunch,4.091358024691358
2015-01,Food,3.9115384615384614
2015-01,Nightlife,3.922902494331066
2015-01,Restaurants,3.9338335607094135
2015-02,Bars,3.962025316455696
2015-02,Breakfast & Brunch,3.9222520107238608
2015-02,Food,3.966
2015-02,Nightlife,3.9341463414634146
2015-02,Restaurants,3.8672566371681416
2015-03,Bars,4.186721991701245
2015-03,Breakfast & Brunch,3.925925925925926
2015-03,Food,4.077348066298343
2015-03,Nightlife,4.189690721649485
2015-03,Restaurants,3.877899045020464
2015-04,Bars,4.1017316017316015
2015-04,Breakfast & Brunch,3.954659949622166
2015-04,Food,4.021311475409836
2015-04,Nightlife,4.103813559322034
2015-04,Restaurants,3.930422919508868
2015-05,Bars,3.966417910447761
2015-05,Breakfast & Brunch,3.9265658747300214
2015-05,Food,4.031496062992126
2015-05,Nightlife,3.954627949183303
2015-05,Restaurants,3.8966360856269113
2015-06,Bars,3.95021645021645
2015-06,Breakfast & Brunch,3.904392764857881
2015-06,Food,3.9721254355400695
2015-06,Nightlife,3.9471458773784356
2015-06,Restaurants,3.9064245810055866
2015-07,Bars,4.1107325383304945
2015-07,Breakfast & Brunch,4.006423982869379
2015-07,Food,4.01018922852984
2015-07,Nightlife,4.106779661016949
2015-07,Restaurants,3.9339729119638824
2015-08,Bars,4.051282051282051
2015-08,Breakfast & Brunch,3.972689075630252
2015-08,Food,4.028614457831325
2015-08,Nightlife,4.043165467625899
2015-08,Restaurants,3.9292586304470856
2015-09,Bars,4.045454545454546
2015-09,Breakfast & Brunch,3.9870967741935486
2015-09,Food,4.001503759398497
2015-09,Nightlife,4.043032786885246
2015-09,Restaurants,3.9360093077370566
2015-10,Bars,4.046
2015-10,Breakfast & Brunch,3.9488372093023254
2015-10,Food,4.021472392638037
2015-10,Nightlife,4.025390625
2015-10,Restaurants,3.913992297817715
2015-11,Bars,3.9954128440366974
2015-11,Breakfast & Brunch,4.09375
2015-11,Food,4.060721062618596
2015-11,Nightlife,3.984126984126984
2015-11,Restaurants,3.9252615844544096
2015-12,Bars,4.04516129032258
2015-12,Breakfast & Brunch,3.9582172701949863
2015-12,Food,3.973977695167286
2015-12,Nightlife,4.038216560509555
2015-12,Restaurants,3.9052312357846852
2016-01,Bars,3.9742765273311895
2016-01,Breakfast & Brunch,4.060796645702306
2016-01,Food,3.977777777777778
2016-01,Nightlife,3.9699842022116902
2016-01,Restaurants,3.9235225955967556
2016-02,Bars,3.9872958257713247
2016-02,Breakfast & Brunch,4.097510373443983
2016-02,Food,4.069952305246423
2016-02,Nightlife,3.9928698752228162
2016-02,Restaurants,3.9653434152488973
2016-03,Bars,4.112648221343873
2016-03,Breakfast & Brunch,3.946210268948655
2016-03,Food,4.108196721311476
2016-03,Nightlife,4.093690248565966
2016-03,Restaurants,3.948043617703656
2016-04,Bars,4.041904761904762
2016-04,Breakfast & Brunch,4.077858880778589
2016-04,Food,4.01044776119403
2016-04,Nightlife,4.023897058823529
2016-04,Restaurants,3.9208103130755063
2016-05,Bars,4.13481228668942
2016-05,Breakfast & Brunch,4.029535864978903
2016-05,Food,4.081924577373212
2016-05,Nightlife,4.131886477462437
2016-05,Restaurants,3.959841628959276
2016-06,Bars,4.019607843137255
2016-06,Breakfast & Brunch,4.077568134171908
2016-06,Food,4.047120418848167
2016-06,Nightlife,4.022687609075043
2016-06,Restaurants,3.976
2016-07,Bars,4.079699248120301
2016-07,Breakfast & Brunch,3.949367088607595
2016-07,Food,4.0533642691415315
2016-07,Nightlife,4.076583210603829
2016-07,Restaurants,3.9724770642201834
2016-08,Bars,4.083333333333333
2016-08,Breakfast & Brunch,4.0602409638554215
2016-08,Food,4.052767052767053
2016-08,Nightlife,4.070240295748613
2016-08,Restaurants,3.987591652566272
2016-09,Bars,4.1940298507462686
2016-09,Breakfast & Brunch,4.0588235294117645
2016-09,Food,4.051162790697674
2016-09,Nightlife,4.185416666666667
2016-09,Restaurants,3.993939393939394
2016-10,Bars,4.1536585365853655
2016-10,Breakfast & Brunch,4.122395833333333
2016-10,Food,4.1082390953150245
2016-10,Nightlife,4.155131264916467
2016-10,Restaurants,4.015217391304348
2016-11,Bars,4.092643051771117
2016-11,Breakfast & Brunch,3.994269340974212
2016-11,Food,4.07514450867052
2016-11,Nightlife,4.095238095238095
2016-11,Restaurants,3.967845659163987
2016-12,Bars,3.9681818181818183
2016-12,Breakfast & Brunch,3.897196261682243
2016-12,Food,3.9410714285714286
2016-12,Nightlife,3.9619686800894853
2016-12,Restaurants,3.8977709454265947
2017-01,Bars,4.08315565031983
2017-01,Breakfast & Brunch,4.049773755656108
2017-01,Food,3.966412213740458
2017-01,Nightlife,4.101449275362318
2017-01,Restaurants,3.963768115942029
2017-02,Bars,4.1530172413793105
2017-02,Breakfast & Brunch,4.023316062176166
2017-02,Food,4.007974481658692
2017-02,Nightlife,4.1528662420382165
2017-02,Restaurants,3.922496570644719
2017-03,Bars,4.083011583011583
2017-03,Breakfast & Brunch,4.046357615894039
2017-03,Food,4.065950920245399
2017-03,Nightlife,4.086792452830188
2017-03,Restaurants,3.961861667744021
2017-04,Bars,4.088512241054614
2017-04,Breakfast & Brunch,4.020912547528517
2017-04,Food,4.00547195622435
2017-04,Nightlife,4.0886075949367084
2017-04,Restaurants,3.9840546697038723
2017-05,Bars,4.078994614003591
2017-05,Breakfast & Brunch,4.014861995753716
2017-05,Food,4.038251366120218
2017-05,Nightlife,4.084048027444254
2017-05,Restaurants,3.972035794183445
2017-06,Bars,4.0511463844797175
2017-06,Breakfast & Brunch,3.9235412474849096
2017-06,Food,3.8974358974358974
2017-06,Nightlife,4.047781569965871
2017-06,Restaurants,3.9022270505160237
2017-07,Bars,4.030448717948718
2017-07,Breakfast & Brunch,4.051612903225807
2017-07,Food,3.9642857142857144
2017-07,Nightlife,4.0262751159196295
2017-07,Restaurants,4.010752688172043
2017-08,Bars,4.112962962962963
2017-08,Breakfast & Brunch,3.99375
2017-08,Food,3.9753424657534246
2017-08,Nightlife,4.119349005424954
2017-08,Restaurants,4.014898688915375
2017-09,Bars,4.110535405872193
2017-09,Breakfast & Brunch,4.092783505154639
2017-09,Food,3.9897828863346105
2017-09,Nightlife,4.120805369127517
2017-09,Restaurants,3.9694952856350527
2017-10,Bars,4.160642570281125
2017-10,Breakfast & Brunch,4.114678899082569
2017-10,Food,4.041033434650456
2017-10,Nightlife,4.155339805825243
2017-10,Restaurants,4.035822707953855
2017-11,Bars,4.100686498855835
2017-11,Breakfast & Brunch,3.9425837320574164
2017-11,Food,3.933006535947712
2017-11,Nightlife,4.074561403508772
2017-11,Restaurants,3.950841750841751
2017-12,Bars,4.282392026578073
2017-12,Breakfast & Brunch,4.013333333333334
2017-12,Food,4.025380710659898
2017-12,Nightlife,4.285714285714286
2017-12,Restaurants,4.024667931688804
2018-01,Bars,4.125
2018-01,Breakfast & Brunch,4.020895522388059
2018-01,Food,4.119096509240246
2018-01,Nightlife,4.096
2018-01,Restaurants,4.06023102310231
2018-02,Bars,4.0873362445414845
2018-02,Breakfast & Brunch,4.033248081841432
2018-02,Food,3.9847908745247147
2018-02,Nightlife,4.085836909871245
2018-02,Restaurants,4.0479599141016465
2018-03,Bars,4.164300202839756
2018-03,Breakfast & Brunch,4.077319587628866
2018-03,Food,3.935430463576159
2018-03,Nightlife,4.18503937007874
2018-03,Restaurants,4.056818181818182
2018-04,Bars,4.194444444444445
2018-04,Breakfast & Brunch,4.015086206896552
2018-04,Food,4.0027932960893855
2018-04,Nightlife,4.1959798994974875
2018-04,Restaurants,4.030389908256881
2018-05,Bars,4.121311475409836
2018-05,Breakfast & Brunch,4.168181818181818
2018-05,Food,4.013313609467455
2018-05,Nightlife,4.119426751592357
2018-05,Restaurants,4.069390039171796
2018-06,Bars,4.155143338954469
2018-06,Breakfast & Brunch,4.037037037037037
2018-06,Food,3.982008995502249
2018-06,Nightlife,4.1644736842105265
2018-06,Restaurants,3.9844961240310077
2018-07,Bars,4.205965909090909
2018-07,Breakfast & Brunch,4.056880733944954
2018-07,Food,4.054086538461538
2018-07,Nightlife,4.209944751381215
2018-07,Restaurants,4.041666666666667
2018-08,Bars,4.322338830584708
2018-08,Breakfast & Brunch,4.072649572649572
2018-08,Food,4.115845539280959
2018-08,Nightlife,4.318181818181818
2018-08,Restaurants,4.034950443401148
2018-09,Bars,4.173507462686567
2018-09,Breakfast & Brunch,4.0176211453744495
2018-09,Food,4.049204052098408
2018-09,Nightlife,4.2140350877192985
2018-09,Restaurants,4.027972027972028
2018-10,Bars,4.304609218436874
2018-10,Breakfast & Brunch,4.159550561797753
2018-10,Food,4.099838969404187
2018-10,Nightlife,4.306390977443609
2018-10,Restaurants,4.049007444168734
2018-11,Bars,4.134969325153374
2018-11,Breakfast & Brunch,4.029023746701847
2018-11,Food,4.036521739130435
2018-11,Nightlife,4.141732283464567
2018-11,Restaurants,3.9986928104575163
2018-12,Bars,4.176972281449894
2018-12,Breakfast & Brunch,3.976127320954907
2018-12,Food,4.018549747048904
2018-12,Nightlife,4.136456211812627
2018-12,Restaurants,3.976174718729318
2019-01,Bars,4.0874125874125875
2019-01,Breakfast & Brunch,3.976359338061466
2019-01,Food,3.994277539341917
2019-01,Nightlife,4.092592592592593
2019-01,Restaurants,3.948465547191662
2019-02,Bars,4.091089108910891
2019-02,Breakfast & Brunch,4.129577464788732
2019-02,Food,4.113452188006483
2019-02,Nightlife,4.092485549132948
2019-02,Restaurants,3.997387328543436
2019-03,Bars,4.225
2019-03,Breakfast & Brunch,4.087591240875913
2019-03,Food,4.102760736196319
2019-03,Nightlife,4.228373702422146
2019-03,Restaurants,4.065821256038648
2019-04,Bars,4.147627416520211
2019-04,Breakfast & Brunch,4.105134474327628
2019-04,Food,3.9970717423133237
2019-04,Nightlife,4.157264957264958
2019-04,Restaurants,4.01423487544484
2019-05,Bars,4.151012891344383
2019-05,Breakfast & Brunch,4.01980198019802
2019-05,Food,4.024132730015083
2019-05,Nightlife,4.161921708185053
2019-05,Restaurants,3.972706155632985
2019-06,Bars,4.212280701754386
2019-06,Breakfast & Brunch,4.058035714285714
2019-06,Food,4.065573770491803
2019-06,Nightlife,4.222222222222222
2019-06,Restaurants,4.0310880829015545
2019-07,Bars,4.208333333333333
2019-07,Breakfast & Brunch,4.0499075785582255
2019-07,Food,3.955470737913486
2019-07,Nightlife,4.212078651685394
2019-07,Restaurants,4.067942583732058
2019-08,Bars,4.204007285974499
2019-08,Breakfast & Brunch,4.122983870967742
2019-08,Food,4.099848714069592
2019-08,Nightlife,4.190140845070423
2019-08,Restaurants,4.056407447973713
2019-09,Bars,4.146245059288537
2019-09,Breakfast & Brunch,3.901565995525727
2019-09,Food,3.9088
2019-09,Nightlife,4.15719696969697
2019-09,Restaurants,3.9724095646842428
2019-10,Bars,4.146341463414634
2019-10,Breakfast & Brunch,3.927392739273927
2019-10,Food,3.7744510978043913
2019-10,Nightlife,4.158333333333333
2019-10,Restaurants,3.9697406340057637
2019-11,Bars,4.187192118226601
2019-11,Breakfast & Brunch,3.8369905956112853
2019-11,Food,3.888421052631579
2019-11,Nightlife,4.195402298850575
2019-11,Restaurants,3.976674191121144
2019-12,Bars,4.065162907268171
2019-12,Breakfast & Brunch,3.9854014598540144
2019-12,Food,3.906374501992032
2019-12,Nightlife,4.105990783410138
2019-12,Restaurants,4.019040365575019
2020-01,Bars,4.168918918918919
2020-01,Breakfast & Brunch,4.016620498614959
2020-01,Food,4.035087719298246
2020-01,Nightlife,4.138364779874214
2020-01,Restaurants,3.9491525423728815
2020-02,Bars,4.078774617067833
2020-02,Breakfast & Brunch,3.9326923076923075
2020-02,Food,3.9338235294117645
2020-02,Nightlife,4.08125
2020-02,Restaurants,3.9532908704883227
2020-03,Bars,4.262222222222222
2020-03,Breakfast & Brunch,4.2254901960784315
2020-03,Food,4.213930348258707
2020-03,Nightlife,4.237288135593221
2020-03,Restaurants,4.077441077441078
2020-04,Bars,4.366071428571429
2020-04,Breakfast & Brunch,4.341176470588235
2020-04,Food,4.3538461538461535
2020-04,Nightlife,4.42962962962963
2020-04,Restaurants,4.149892933618844
2020-05,Bars,4.180851063829787
2020-05,Breakfast & Brunch,3.9536423841059603
2020-05,Food,3.890322580645161
2020-05,Nightlife,4.146017699115045
2020-05,Restaurants,4.016311166875784
2020-06,Bars,4.108938547486034
2020-06,Breakfast & Brunch,3.996268656716418
2020-06,Food,4.094623655913979
2020-06,Nightlife,4.1179487179487175
2020-06,Restaurants,4.082680591818973
2020-07,Bars,4.321167883211679
2020-07,Breakfast & Brunch,4.243076923076923
2020-07,Food,4.208955223880597
2020-07,Nightlife,4.311804008908686
2020-07,Restaurants,4.1664244186046515
2020-08,Bars,4.122522522522522
2020-08,Breakfast & Brunch,4.079012345679012
2020-08,Food,4.108298171589311
2020-08,Nightlife,4.1160409556314
2020-08,Restaurants,4.096455549099361
2020-09,Bars,4.216931216931217
2020-09,Breakfast & Brunch,4.089622641509434
2020-09,Food,4.220430107526882
2020-09,Nightlife,4.2114093959731544
2020-09,Restaurants,4.1450471698113205
2020-10,Bars,4.182926829268292
2020-10,Breakfast & Brunch,4.0
2020-10,Food,4.188356164383562
2020-10,Nightlife,4.183908045977011
2020-10,Restaurants,4.113793103448276
2020-11,Bars,4.292817679558011
2020-11,Breakfast & Brunch,4.30448717948718
2020-11,Food,4.335907335907336
2020-11,Nightlife,4.282722513089006
2020-11,Restaurants,4.251387787470262
2020-12,Bars,4.3125
2020-12,Breakfast & Brunch,4.2885906040268456
2020-12,Food,4.213114754098361
2020-12,Nightlife,4.3053097345132745
2020-12,Restaurants,4.099644128113879
2021-01,Bars,4.3138297872340425
2021-01,Breakfast & Brunch,4.103448275862069
2021-01,Food,4.217877094972067
2021-01,Nightlife,4.277511961722488
2021-01,Restaurants,4.037349397590361
2021-02,Bars,4.130158730158731
2021-02,Breakfast & Brunch,4.193415637860082
2021-02,Food,4.1975903614457835
2021-02,Nightlife,4.09009009009009
2021-02,Restaurants,4.128794848206072
2021-03,Bars,4.169620253164557
2021-03,Breakfast & Brunch,4.117647058823529
2021-03,Food,4.179577464788732
2021-03,Nightlife,4.164351851851852
2021-03,Restaurants,4.102142857142857
2021-04,Bars,4.12
2021-04,Breakfast & Brunch,4.172413793103448
2021-04,Food,4.102102102102102
2021-04,Nightlife,4.106930693069307
2021-04,Restaurants,4.080634500991408
2021-05,Bars,4.189239332096475
2021-05,Breakfast & Brunch,4.165024630541872
2021-05,Food,4.09009009009009
2021-05,Nightlife,4.171029668411867
2021-05,Restaurants,4.045
2021-06,Bars,3.996497373029772
2021-06,Breakfast & Brunch,3.9717223650385605
2021-06,Food,4.04178674351585
2021-06,Nightlife,3.97557003257329
2021-06,Restaurants,3.954275534441805
2021-07,Bars,4.088850174216028
2021-07,Breakfast & Brunch,3.9814385150812064
2021-07,Food,4.112535612535613
2021-07,Nightlife,4.064144736842105
2021-07,Restaurants,3.9806157354618015
2021-08,Bars,4.163841807909605
2021-08,Breakfast & Brunch,4.083333333333333
2021-08,Food,4.166666666666667
2021-08,Nightlife,4.1441124780316345
2021-08,Restaurants,4.021210230817218
2021-09,Bars,4.231981981981982
2021-09,Breakfast & Brunch,3.8859934853420195
2021-09,Food,4.012323943661972
2021-09,Nightlife,4.216101694915254
2021-09,Restaurants,3.9519023689877963
2021-10,Bars,4.075067024128686
2021-10,Breakfast & Brunch,3.8051470588235294
2021-10,Food,4.123809523809523
2021-10,Nightlife,4.084183673469388
2021-10,Restaurants,3.9793046357615895
2021-11,Bars,4.067415730337078
2021-11,Breakfast & Brunch,4.088652482269503
2021-11,Food,4.080160320641283
2021-11,Nightlife,4.036458333333333
2021-11,Restaurants,3.95004095004095
2021-12,Bars,4.044321329639889
2021-12,Breakfast & Brunch,4.144827586206897
2021-12,Food,3.9870967741935486
2021-12,Nightlife,4.015873015873016
2021-12,Restaurants,4.059950041631973
2022-01,Bars,4.072289156626506
2022-01,Breakfast & Brunch,4.254054054054054
2022-01,Food,4.131428571428572
2022-01,Nightlife,4.096525096525096
2022-01,Restaurants,4.133574007220217
