business_id,avg_rating,rating_std,review_count
--onnLZrsCazmcy2P_7fcw,3.0,1.5275252316519468,7
-8iATYRnN46Km0_-ldx6cg,4.240963855421687,1.1129035074378504,166
-9r8nAzWyRSLxBWt8uQOdA,3.0495626822157433,1.481027613061315,343
-ALqLSTzkGDMscHdxA1NgA,4.344827586206897,0.9364012444675596,29
-BdYhP-12elmFV7oB1iv4A,4.795454545454546,0.5094249130852175,44
-CoZunWzch6HzMaM34dOEQ,3.6,0.8944271909999159,5
-FM4CxOg4XXmX_Ebky_SiQ,4.204323570432357,1.1035479146392415,1434
-FRHYI6doGCjIsXiKHkUqw,2.641509433962264,1.5380177672221815,106
-Fka99c-tJ-epWYNIobqyQ,3.5722222222222224,1.3783260657904906,180
-H-fZonTLitwHFY_PLAIjA,3.8535353535353534,1.4439661350777568,198
-I7M6l0h46VdiN09Y1NUZw,4.6117647058823525,0.9691393736305804,255
-Lwq2vdrQolANLzEbYMPpQ,4.181818181818182,1.0527227119356304,22
-M7wzxpUsdSkQd9PDGsJWA,3.962962962962963,1.302580355873693,54
-SS3ep20HKhuOhzDkkt9aA,3.8186274509803924,1.4285774654561914,204
-TArOdux8Z4oH-jIM1FJuQ,3.4285714285714284,1.2143534814378325,63
-TSPsir3LSLO9vVBkvkqUw,3.4166666666666665,1.586934649543233,60
-VvMsFD0W2nQuO9buaeC1g,4.291666666666667,0.9227126320792414,144
-e8RwknT5szoLk9uBZjzcw,4.098360655737705,1.2425635728158229,122
-fxH1XplVLVtWg2ZJWwRdA,4.4772727272727275,1.0502027470076252,88
-ipZBVF9nWm1vzrvQ3444A,3.8308823529411766,1.2739855633743558,136
-jrT-2bTSDaqJtzHRpY9ag,3.727272727272727,1.4459976109624424,55
-kOUmMiIimNSBIDdFN0x-Q,3.58868501529052,1.307509392042931,654
-kY_HDP7IMvGl-kBIZVU4A,4.1030303030303035,1.2333966860248866,330
-kfHz1kimX62QEceFkkB_g,3.641646489104116,1.2931519410679813,413
-loV4cB2Uh9TCltTRgGzWQ,4.2072538860103625,1.1297852791273713,386
-nwNPb3G-0L95igrhkvMtw,2.63265306122449,1.523344423068046,49
-r6nmLB5Vi2TLQCxh0_dtw,4.226244343891403,1.2444198772656163,221
-ujBP1Dw0j1-Ffaz97-LXQ,4.0699588477366255,1.239519200956226,243
04Ss49U_QKYLotcJMAH8cA,3.95,1.4310764472870756,100
06pNHtxgPhGhZpM0Z2uzNw,3.4007029876977155,1.3431095141164302,569
07yUvKzFb-yPzJKoT0zamQ,3.0,1.1547005383792515,7
0LXeNx7wGTqbMSwKkGC3xg,3.88,1.3012814197295424,25
0Qs-G8Xs-mz-jmQH5lez5A,4.478260869565218,0.8458220969937152,23
0RxU5OglQyPVtLKC1LPgsA,4.555772994129159,0.8967921805156193,511
0WrdiQ4qJBu2Gc7wRcIfdw,3.957569913211186,1.139045982043631,1037
0YI4tyK4MrTAveuj2js4OA,4.416666666666667,1.0598058340078627,24
0ac5lGA_0wdKDnib3y59Xg,4.1863636363636365,1.2972005795363297,440
0c28ysQJ_M1fVToTFV-FWQ,4.0227272727272725,1.284770115418108,44
0cWnURpfrb4MqKSzyVN4SQ,4.2064516129032254,1.0672015486171098,155
0f0l62WKla-j2cfnPn7P2Q,3.684931506849315,1.508095859102972,73
0iHHsSqphxrBWWecYEJcuQ,4.638888888888889,0.6981979935409891,72
0iLgVQpBeIYYwQZIblTTVw,3.8,1.2292725943057183,10
0it-2gWk_gyuZyEMQzBBuQ,3.8559670781893005,1.3141927851718052,243
0m0SQSIzM9WcDhJ7UEVCLQ,4.1875,1.0906494070196242,32
0mUVD5sDXZjd66XwATN8XA,3.990566037735849,1.3273337615856466,106
0nR7jHCkFEzmA1n2b5g1nw,4.276923076923077,1.2563301256498567,65
0qu0fNTOsSmuREYVIMPuIQ,4.2847490347490345,1.0736182152987572,1036
0tbscjPg4IzURekIn_CJ1Q,4.124183006535947,1.314495407681056,153
0yD-SZAfjpH36-o7_pospw,3.8666666666666667,1.245945806357946,15
11RNOheZvab_FDcLtsZUug,3.0,1.4142135623730951,8
12Gc4OFQ-WAW0fAk2hRZuQ,5.0,0.0,25
18eWJFJbXyR9j_5xfcRLYA,4.2957446808510635,1.0406364804067312,470
1Du1NruqJwxnzgEUHc42Jw,4.535211267605634,1.002322575211245,213
1FURjeGJi_LBXcJQg8eskw,4.341758241758241,1.030189610973612,910
1J0NIfmrSuV72KzhmYFxMA,3.9875,1.2477194386032278,80
1ONK4BD8Fuh1mfBCrB2aOQ,4.111111111111111,1.2313975269103985,18
1U8Kt44FIkC7RnJsNjaMTA,4.628571428571429,0.972737625156423,35
1cYZIJM5P3yOsIjq8qxoSw,3.5714285714285716,1.2724180205607034,7
1hRWfuA-8THwYsDYgj-oIg,2.5510204081632653,1.3853583244326462,49
1kVnChI4aqsPw9i2PVqkkw,3.8900709219858154,1.3280336232794385,282
1l4-uhraQzNiRjppKyMUUQ,4.495726495726496,1.0636950206541058,117
1lwulkAD5htni3rbHW8oeg,2.8333333333333335,1.8504708655481241,12
1oGCzoCC6HnQWpdK9cCP0g,4.76595744680851,0.6121622512256609,94
1pYZMmpdy2MviWBbagMwbA,4.333333333333333,0.5163977794943223,6
1pd4VYTww1UWDVai2r2RKg,3.1850393700787403,1.5833910046298376,254
1rC0hBT49gVljFQYTIGIaA,3.7590361445783134,1.2561640642294336,166
1xsBRB203LiYLcC3mktfdA,3.9005847953216373,1.230279598829822,171
2-cH9tqCu3yHRJJoKTYjHw,4.545454545454546,0.6875516509523286,11
22q2wGlAmJN8MkhZl2RzRw,1.9411764705882353,1.0714243272982744,34
23OxrUaCvvVrwSa1z3xG-w,4.343511450381679,1.1420022387584967,131
27zlxlmlQu9KBr5Vj4MGeg,4.3906633906633905,1.1861070735291224,814
29YqJwOGEuAWqlHZxMc1OA,3.51027397260274,1.3354397168707572,292
29t8lDBLiwkEd1HA356dOw,3.849872773536896,1.340254405524278,393
2DBo3WFKwpbtl9kJzuroIg,2.46875,0.9152604071537378,32
2N9WHETHcYJsfYpHQ-qN_A,3.6134969325153374,1.4920577942594202,163
2OJqIloZMAZXCW3uzF8jJw,3.789473684210526,1.2767758112768801,38
2QaNH5-RCRNIkToUOBc22Q,4.115384615384615,1.243444347831396,26
2QvkOHC-pWGiAmvQ9xX64Q,4.351063829787234,1.0646565078713965,94
2RtyOlU9mwyVisvgOECaDA,3.9908256880733943,1.3232790778450432,218
2T7622XwGOhJf7O4ND_XBA,3.4,1.4732176927970864,55
2WHu0k5VVM1Pn9AFzkSBlA,3.6396396396396398,1.5885544760899208,111
2Y0L3Hf6U-76jGvviKy5pA,3.1709401709401708,1.620401175798005,117
2YnQAJdeFrcgPa8MqIYcDg,3.675324675324675,1.3476151785605806,308
2YoQRByvTjdP4GSVnPcANA,2.9038461538461537,1.3174487434255437,52
2aP9wvEqpGLLDVpWTWlAog,4.2481203007518795,1.1959908725555868,133
2bl6G1zgXUHbMGwEocqMSg,4.833333333333333,0.513785125591918,162
2h3SEwpI6fiuTF9mcN1S_Q,4.137931034482759,1.286535041805354,87
2nF2syYoD5VBFk01le6NkA,4.28125,0.9583041136265401,32
2pBNVsJo3a3CPbInUu9lvQ,2.8208955223880596,1.5406801850518423,134
2rv-W-PBYciHvOhruq8rlg,3.533333333333333,1.3020130933435712,15
2swMZVA832zkmdPBrddPRQ,4.226890756302521,1.1395237349199177,238
2xxkaRy7rP5EUyjFt2J5kA,4.295138888888889,1.0382480133369225,576
3-dQbvti2EpSfs9jKcyIjQ,2.903225806451613,1.2477937519124818,31
304FY8qhcOpm9SIkrzmhoQ,4.629032258064516,0.7067327495384851,62
34Eqv8jXgxg_EEwcsNgeeg,4.250746268656717,1.109730455742788,670
3DSgJFIaXjdknbZn3LSnPQ,4.432,0.9946307468506318,125
3ESm27p4DACKCpzZmiRxgw,3.8,0.8366600265340757,5
3RtMd3VZ21WL5auDr6Jp9A,3.8214285714285716,1.2187902754164621,28
3VrqxApK-iwfRohlAuIt0g,4.12280701754386,1.1221057233895535,114
3Wy21heeDm8h2tSZfcj6OA,4.394393741851369,0.9939122544716857,1534
3XjwPkcbuhssRwZKnoYOyQ,4.0476190476190474,1.2835961388299078,21
3bZADX_g9efvqGXaAY7Kbg,3.8923076923076922,1.3972330195865672,195
3cnjGli5iwGsUF06Dne9Yg,4.6,0.5477225575051661,5
3czlT5lRF9uKmGZ2rknJqA,4.0,1.5,9
3fH5YQKRJu55TFPnMhv1ZQ,3.5757575757575757,1.7144660799776525,33
3fpAmsSuEFNF29UUPpgwlw,4.73,0.7386374511767841,300
3lty2YUwjp61iUqNgKVEMw,3.3675675675675674,1.4276108907766711,185
3rzlcCvPUJ56jvYWl7iGvA,4.574074074074074,0.963520507303508,54
3tvi-OJ_-iK1ecjzSaH-oA,4.36322869955157,0.9808492260371469,223
3xJ_6qxRA0sdUm3ThCPiCw,3.8156028368794326,1.55836777864375,282
425FOxIzHPcOB0niWc6-1w,3.5,1.4177803109441922,100
42cHjHD6Kkv7Ms3-lLsimw,2.445945945945946,1.3359301504574062,74
45D7B9CqiUTTPUFcqmLx5Q,4.322097378277154,1.0410730898701335,267
45Ut-AN8h3c88-pYTrGBnA,3.7950310559006213,1.3969520948405862,161
49Sy1N3MTnK6Eslh1tgZQQ,3.6666666666666665,1.3706888336846839,12
4D7QDfPOsSPfKxBi3gs_qQ,4.0390625,1.2257177881731711,640
4F3wxihvRNXK9cuxlOOJBg,3.6792452830188678,1.406678261222053,159
4FdsX3MbkcdBRAr1aymF6A,4.441558441558442,1.1527256771110914,77
4IqrY1mXK65HgrrgkpE-cw,4.72093023255814,0.8352690695845568,86
4KAuy-zNBxD9QvnkldwEww,3.9148936170212765,1.1763944035842988,47
4NozMd-0ufrS7sUZ95948w,4.387453874538745,0.9512513068534977,271
4VW4_ghjdYw0Wl40Voa9cw,3.4065040650406506,1.5404075706308629,246
4a_3ninzpidm2MwMcdRJ-g,2.788235294117647,1.2159076332308387,85
4ejnTeRzv8z102DBIWjQLg,3.778688524590164,1.3206077681839854,122
4h4Uskb7B8OTI7oDR7wImQ,3.881818181818182,1.3928508036161944,110
4haTJpBzX-7ilN77LWAIDw,3.5,1.1785113019775793,10
4kfbEcAMepvkjt3H7INYBg,4.584045584045584,0.921599006805416,351
4lWMnL-wLekry77FwaruSQ,2.2,1.5491933384829668,10
4sOLSCiwSdHhzcXC9Sd0xQ,4.130434782608695,0.9197009309398038,23
4uspKB1d3pGdgjOClA-UkQ,4.1059322033898304,1.1380305775259556,236
4xBkP-W_WaOzBiP8yD7yvg,3.8518518518518516,1.2650215511238638,54
4yBeWUqxuru02oZccjDN7Q,4.333333333333333,0.9847319278346618,12
4z2Frpficc3NqHkGfpMXJQ,3.189655172413793,1.5654630824994455,116
52ov7d0148JvYG78_c-Bsw,4.211864406779661,1.2228442249761489,236
5B-m3Nir02zheQnEGopV0w,3.761904761904762,1.2892247502359724,147
5GUA13zYgw4_8F6qUMU_LA,4.317460317460317,0.9971798431220569,63
5RsVAkDnMrcSbErS6P1eew,4.353383458646617,0.9805311515689082,266
5YKOs_VGFHgUv7DSMLaQeA,2.8,1.0954451150103321,5
5Z3uvoIoOFUzTmrBmIJv2g,3.0526315789473686,1.5930146233877358,38
5ZXMarIwfGjOxo9KD5oFQQ,4.0,0.7071067811865476,5
5dGu7C1UEPLs_FIj_Qin0g,3.6,1.6733200530681511,5
5kZFpY6mXiNZzZcotXbfVA,4.0,1.3175162452902711,54
5lGOPqwxBNR9hfA9mFr2vA,4.292857142857143,1.1284192073438708,140
5p_14QRkLFd6QyhpPzfW3A,2.8076923076923075,1.3570329625836144,26
5pyYBpuNOAqgN9nSpk8vaQ,2.782608695652174,1.1865615823659568,69
5t5fKwgnfaT-ScmfTcxwHg,4.378787878787879,0.9729440100129333,66
5tVPbd0gJZHyEEWpXW7vCg,3.4864864864864864,1.2828272080236083,37
5tkZfqkwx6axbN9P5UlC8w,2.5588235294117645,1.6549499025758003,34
5uNCvNy9L6peKeKP1RRPyg,3.2875647668393784,1.4225277582764733,386
5vIfUavd23X3lBzjnnc4QA,3.0952380952380953,1.670471846657761,21
5vObJIHLO-QOMrw_MvC4rA,4.168433451118964,1.2686876745961382,849
64Rl3pT4Md4-8ckeaNVZCQ,3.3028169014084505,1.388948996968486,284
69_5ZefofuhXv2ymn-xc9A,4.1645569620253164,1.0934708340360646,158
6E9KjyDAdL_vDQCWwhj_KA,3.6951672862453533,1.4181706177379962,269
6EPPtwJR1kdIfHiCjzCzuw,3.318087318087318,1.491875665292855,481
6EizP0XyqITuGZ8GZMI9Lw,4.491847826086956,0.9958784649671353,1104
6HKIfenWg3zt2CYx4D5r_Q,3.3333333333333335,1.0327955589886444,6
6HTGlttrzCMsuGBHO1ZGiw,4.395734597156398,1.133502257970379,422
6KtMnjvgO1F79P7tCnEKOA,3.8181818181818183,1.5502932273957373,33
6MXO883UaicdJuobFkKJUw,3.4565217391304346,1.6402428356684806,92
6RBZfirnzE4NahJTn1UPNA,4.005549389567148,1.2084159137490988,1802
6RBrYMiAf8jFJI4fDoQpcw,3.0,1.6733200530681511,6
6TciI6uBdrd8z1av1YleLg,3.650943396226415,1.3598330872635975,212
6VVbLYay8czrjKJ4xRoTxQ,4.2631578947368425,1.0812368497656302,114
6aUb_f9C7a2oOxaIfRGSdA,4.184873949579832,1.2070863263374658,119
6acxMT_WGbA-cUN5RXpIfw,4.777777777777778,0.5483188805533162,18
6afesz8yZhjOgijkWl4jig,3.4358974358974357,1.4468034051798788,78
6kPHr6gZaU9732ptn9gJrA,4.128787878787879,1.2805372383430529,132
6smGb7xv5fDbBsLgW1WC2w,3.7195767195767195,1.3993493285398486,189
72yw_QJwkKEjpa7CumQCeQ,2.68,1.5198684153570663,25
748Tn5Hsf4LMCCA_WxVBfA,2.6206896551724137,1.0827805840074194,29
7Bu1EQENC0M77VcU-jxATA,3.185185185185185,1.6878989451394444,27
7IdIGemGZodDAA_9mJCigA,4.079847908745247,1.2919645876973291,263
7grEnJV48N6BxbEP3uxISA,4.190476190476191,1.4006801069140529,21
7kLn2XsFwyJ-yFn4qx40TQ,4.714285714285714,0.8250286473253903,35
7o-p4IlitJ-SbSCZ84vHqQ,4.5,0.97182531580755,10
7oPREWTlY8RIMfwT1R0YYw,3.857142857142857,1.3328156344851112,70
7tO1ZfWN6OEo1pWtdgxfqA,4.0,0.8944271909999159,11
7wSnkgOORRCqVDa_n8Upxg,4.223300970873787,1.1152640876114444,515
7wcHZ80HLJVwUijAH_efJQ,3.408450704225352,1.4881050200253012,213
7yR4oQcapZBKCkRLB3Isig,2.5737704918032787,1.4349524216959513,183
8BUr8GviR2o_b-brO21wwQ,2.25,1.4847711791873703,12
8FgcWn7bdMC-TMrE4Q3xMg,3.2916666666666665,1.3201923350097284,48
8JzURExziDYuCrd7Ve9nDQ,4.409090909090909,1.1677484162422844,44
8Lbz0hfE4MWzd7yDu9atBA,4.872611464968153,0.4899779514882636,157
8MQNb0Cnkfq-G1OIViukjQ,3.9683257918552037,1.3763890183159873,221
8MoqZqlNN9AXzG91_Hpc_Q,4.085910652920962,1.1549775840144167,291
8RlO6NuhWzXktp-1croq5A,3.7540983606557377,1.4419435638450537,244
8Vo6LN9gqULhXzoxj5k6kQ,4.380434782608695,1.1112822228082415,1012
8WltHaNG6wD1d4h3LE_zaA,3.9689922480620154,1.0528086282662854,129
8_r9EZL6vX5fPBoVh3gUrA,4.009118541033435,1.2651191069648817,329
8qGe4GQYyZstFhYa0rvpIg,1.9152542372881356,1.329870820706364,59
8r_n8JdKQ0gePm2neSkL7A,3.0129310344827585,1.604864368177203,232
92Z2WFvC86Qy3TOI-oBGVg,4.0,1.4675987714106855,27
95NWdx75Gwy4r_IGGuCnmQ,4.0,1.5811388300841895,25
9CBW1G-JR9ioTgwFTK6kbQ,3.8333333333333335,0.7177405625652734,12
9D1Vuxuh-hvwkYBrqje1nA,3.46875,1.2720281268728124,64
9Ekfby4OgzWs96RO8M4tnQ,4.4,1.3416407864998738,5
9JR9Ht6IX1r2jPPG689JyA,2.473684210526316,1.5765088382115289,19
9JaoQxrPpDfQ_vbZFgSXIw,4.4375,1.0935416468216168,16
9L-MR0arflwFMF9szEBOOg,4.428571428571429,1.1338934190276815,7
9MsMKG0v3NstaPqKGYFVOw,4.6923076923076925,0.9220642218141843,39
9RDKqyqXJcupSnA2vCIs_A,3.865168539325843,1.263032167192354,89
9Ujw_PoR_Vv67gf4vsAk-g,3.074074074074074,1.4775279182223546,54
9_uigKs9GCwg9dFKkq_Kfg,2.6621621621621623,1.5013877327419913,74
9dp3hVDlQ0VtjPW_7ISoXg,3.3954372623574143,1.452655537145191,263
9fJziJ3o9-QXKuKolg7yEA,3.7066666666666666,1.4168054939215418,150
9h0i4lVC5eCVhRTanWsEAg,3.676470588235294,1.3899074961450648,272
9jEv_7tueRJdV5CZwVcwPg,4.142857142857143,1.3659432147058188,133
9kfN12wVGnKo54AaRjz0vQ,4.524861878453039,0.9402662789129984,181
9u79dIXLQzmt9rnOZEnBaQ,3.8849840255591053,1.097578081037868,313
9uJuBPIQyrC0v9pVv3JKRQ,2.3555555555555556,1.4971937333253265,180
9ugpNKKhnYRa51qXoxUw_A,4.432584269662922,0.8871401996622494,1246
9xW7LsJpyhVZFRb6z9xorg,4.128491620111732,1.2133264998153221,179
A263bVzMdU_-TIMhewOrjQ,4.171206225680934,1.076138434385228,257
A2slwG21Uulatt357w58PA,3.8155339805825244,1.3630097378238453,103
ALMuGwPnbAVc4SIbcmQmcA,3.3,1.0593499054713804,10
AQw0B8j9QV1RkFLLFiwkuw,3.833827893175074,1.3808795959048428,337
AV3XPH1iv8PKSO6mrnYgLg,4.2631578947368425,1.2232922023103416,38
AXC__4yZrn-N3BT7-2bV_Q,4.1923076923076925,1.2391425400265137,104
Aes-0Q_guDeYewMapFs_vg,3.0696324951644103,1.3833822935489704,517
Af_vfa_cMTsDlTvfnIBM2w,3.5606060606060606,1.2905429731323035,66
AgVekFXqwt4Y1HxfQcpyiw,4.147651006711409,1.015926144675286,149
AgiBcv5rKdV9QIO5yF7w8g,3.6,1.51657508881031,5
Aj44kUBmEfJlUsGCvKJKtw,2.9047619047619047,1.7001400502535637,21
Ak4vFqHZUWU5KXONRnuieQ,4.203592814371257,1.2298443537317587,167
Ak_vHsHsYRP928VHVRL_tQ,2.4146341463414633,1.523083450711739,82
AmAc0eD6lyVyb7QdOAO1Mg,3.5428571428571427,1.451228348831503,140
AodOl1tvAKi6QHKCnyWwng,2.838709677419355,1.4628003781229209,31
AqOSpSqdocwtIjqTECW2ng,5.0,0.0,5
ArIXofDAcFztX8Ry0_81sw,2.7,1.636391694484477,10
AzZqXglv_puXwd4kCvM7ew,3.9285714285714284,1.4305214967197522,98
B1yPXzIIJrLWyTcE4jsYuQ,3.5962732919254656,1.5442744497559986,322
B2Mpi0gW4-oFFVKkDpIxvg,3.663900414937759,1.3193684309957394,241
B3dzK9OqrT_sN0FNQs_OgQ,4.019230769230769,1.3646860533224228,52
B3kpvT4oLJdQmU9lPnxdKA,3.412639405204461,1.3399668992658,269
BBBT3Mogjo3hPPA0de--Dw,2.5,1.7795130420052185,10
BErYojCJSO959vzaz9JclQ,4.348122866894198,1.0789223296534969,586
BEzvmorW8ILha6tcSxBBwA,4.434782608695652,1.1565448144920234,69
BHZZFNH4wu5VAq_JypqjiQ,3.6176470588235294,1.234206637004939,68
BVzFvRrgMpL62oPIqGvLMg,4.227777777777778,1.2302163931106005,360
BZq27sUTa_hruRKXr1x54g,4.478260869565218,1.0233838859416904,69
B_q2xoAgTyn6U4YNEc3kSw,3.401685393258427,1.4761569716561784,356
BaWVwChTW_MqkKru_WZp3g,4.117021276595745,1.1888244408436084,282
Bm-NlFiZWMCwmmz9B_rlCA,4.13671875,1.4005808931423043,256
BseHdXex5Od2Or_TyUIoWQ,3.8461538461538463,1.6756169931378435,13
Btm9ODncqCqYsnpawaHioA,4.011764705882353,1.268593011305341,170
BwUWmUFKCuJ-nN9vFwMt2Q,3.8787061994609164,1.4365327805741726,371
ByKCIpZWHYUTuCJcoZ-ONQ,3.78021978021978,1.0729212231846061,91
C-aATB7SbuwMBPN5dgjghQ,3.1515151515151514,1.5157435808282724,132
C-zgOpqD2K0xDJU4ty7zKg,4.3,1.1542111547851672,60
C5x1e9G5lwcfZ54_6bMbNA,3.073170731707317,1.5554781242826758,41
C6AiAF35zwpAoK5jjm-nhA,3.5,1.5022505639062869,38
C9_UPkwXYx9B3fxNLkCHgA,2.875,1.807721533549109,8
CF1Gj1KGL13QcDkUwOvS3g,3.682926829268293,1.421953311298298,41
CLlnfxaYPTVLKE4VR-U1Yg,4.202702702702703,1.3031019864599562,74
COSC9JC0Vjr89CaTZuPkUA,4.08939708939709,1.23588356142809,481
CTmAWi-W8_Id00EjHF5Uwg,3.2686567164179103,1.3664298419052796,134
CUWituEeIX3xA0xU7X82Ow,4.11716621253406,1.3202519349546364,367
CYwC5OjwCN6ib_AQDxi3Ow,3.9565217391304346,1.3471062587825469,230
Ce6B2-CYAjGvRZe3GKyxYA,2.9384615384615387,1.622295465082925,130
Ch6O9z9_hHDACROLTr2JUQ,4.291666666666667,1.1290804643759722,48
CkENBnSJFfPA1hY0qrqfCg,3.652,1.4067223691137571,750
CoZ2mpsMBP8HUG1ymKoZTg,4.231160896130346,1.020946012793103,982
CrWrO6KT5KKg_EdhAgKsaw,3.625,1.1994316836053494,56
CuRjZOmfnXjefwEpyzmTTw,4.819672131147541,0.619359796384177,61
CwL56LgcMz7Bvi4xODHVSw,3.4275862068965517,1.5263647244451937,145
CziOtnFSklimJnBgksDDwA,3.3701002734731085,1.4834055588340809,1097
D-1BoOczhXGgwhBOR5v-nQ,3.3839285714285716,1.50820898326271,112
D5n8XvQqC_vzOCi63wNChQ,4.769230769230769,0.651625187216842,26
DBtNuEt5U_dXoalpU8rbcQ,3.763285024154589,1.2873563001786206,207
DEegOHB-VnPXsptrCf3qMA,4.0,1.7320508075688772,5
DEmAmcR4xNilT5WY5ImEFA,4.07829181494662,1.309685867558616,281
DJKYqYmhl9xuSlmkS4r0Eg,3.911764705882353,1.3112022486628048,34
DLTwr11KNMA1hEN7OrkY2A,3.7559395248380127,1.2409160545111408,463
DOfiulOub9hVPBCtiDl9Fw,4.092987804878049,1.2351887354023243,656
DQgX6IbCPg3SKdFAgWK1uw,3.2628398791540785,1.5783890238617528,331
DV0BJwh9qzPqcxufrA_7ag,2.8181818181818183,1.6854996561581055,33
D_WS8rM-DVygaCKbIErZ6Q,3.9208333333333334,1.3311457821910082,240
DbYZpG1O8Qknfk_IqXtHxg,4.05,1.0609623111312791,40
DcRfabRzYkddMEUFyPMBgw,3.0,1.8618986725025255,16
DdD7j67fu8kM6DkvY4JCIA,4.407407407407407,1.0473137528296361,27
Dp9Jxlocw7cnos9fE7HKIQ,3.4444444444444446,1.666666666666667,9
DqVpNtgFCP47n6frh-LREA,3.4022556390977443,1.5852607030599712,266
Dr2tI5lPLiXQrE0iZRim9A,4.358974358974359,1.3275854514509353,39
E1R-xslwl7XeTN5lQ7mWPg,4.3,1.101969562902136,280
E1b_hNr22N2wGkq5Z9fmHw,3.7142857142857144,1.79284291400159,21
E6HHiJMCpTkjOsSly3kzeA,4.511627906976744,1.068850719448285,129
E7RtIisUoRMcADSebBgNAA,3.688622754491018,1.3455465237074649,1169
E8tiSAB6O4TPeVdKR0K5Ug,3.044943820224719,1.6370019184163704,89
EBuSqlpzzyfZZkEgPxVV1Q,3.4761904761904763,1.6709584694828155,42
EC9-hDcyqE8c_m03X3VhIQ,2.3870967741935485,1.5848747448897176,31
EEkCKh3obNA6hE4D4pNUqQ,3.4285714285714284,1.5118578920369088,7
EEwmN2uP1PmOyxpTstSIxA,4.441860465116279,1.2965581833930895,43
EILVLAwEPdGAV_ZC0edtgA,2.6551724137931036,1.9137820085774344,29
EPkF-beh6gg_s3HtlAdfiw,3.9338842975206614,1.332725765445122,484
ERuy9x26QrzqVwP1oFSObQ,3.94,1.2842849197518595,50
ERzIS-WRLw-80_B4yqcG3Q,3.6666666666666665,1.4298984808116655,270
EUzWWnvcx1pkkWxk2XV6QA,3.85,1.2463506049697555,60
EWl5aixg4hCcuVYpz4BLKQ,2.8,1.2292725943057183,10
EXYbKA1tocvOK_1tXxZXLA,3.625,1.3451491476814743,184
EZc2myE2mYk2h9JK9qu8gw,4.242115027829313,1.1433096241575673,1078
E_ac8Q20OJD9L8cafCBKaQ,4.118081180811808,1.1297054434503109,542
EaTbY8HFwwF7i3SjVbHGYw,3.9155844155844157,1.4277881733614524,154
Eqi8jrVowPBlCKAInDfFRw,3.9430894308943087,0.8712231180614736,123
EvC-VdZwoUToLcjUtcntqQ,2.2142857142857144,1.7177163475234933,14
Ey0t4U6yqtxCeMaGPf7GcA,4.389380530973451,1.0038642153358481,113
EzhRlsTdACV60rOgrGYyqA,3.242424242424242,1.5589825900698833,99
F-NlTcl5BHb07E7TFb2TJw,2.669491525423729,1.530627963113842,118
F3dxQiOwN55rSLw-BNSq6A,3.980392156862745,1.2726381430466616,51
F6KHs4GDw_9tpuv65M6PGA,3.5492227979274613,1.460918631196669,193
FAc2Mv92KL00cbLdpAc0kQ,2.8686868686868685,1.5455616142624384,198
FBqYnP7H3TMHYQvafuBTSA,3.69811320754717,1.3536388697265545,159
FE5R_F7svUphKeUWuxA0JA,3.755656108597285,1.415507345384515,221
FEBwxZMEpxRwVXx9Fm0XZw,3.8972179289026276,1.288694965261812,1294
FH0MVF7kK0D76Hh4e7hXfQ,4.055077452667814,1.184845051352657,581
FH1sTH13rupNdANai7JFxA,4.18018018018018,1.0548433593166866,111
FQxEfhBd1gMrurP19bhK8w,4.0,1.3228756555322954,41
FSWJmMXXKAXdL6mrc-DzBQ,4.363636363636363,1.048602450677615,22
FY_FkUeQxVqAjc9V0IAc2Q,4.28,1.2233420031069222,100
FYc3iwBUhGhxJAtJ6oRvJQ,2.4,1.6465452046971292,10
FdoqtMadj4ybDAL7S-yUBQ,3.9304733727810652,1.2694310469630259,676
Fg68C3AwFu74dXMhgX3qIw,3.4444444444444446,1.293523333527109,18
FjVAwrTr0AMfs78pDLamtA,2.2777777777777777,1.6016739609309327,18
FpNhzu3w0XgyedhOLDuK8g,4.369565217391305,1.113566482811675,460
FyK0sYez1ImnovyzJ_iGZw,2.7142857142857144,1.5000000000000002,49
G0rJD85hUDQ0Omz0rOFeOQ,4.17632241813602,1.132238141432866,397
GBD-YjcOD1nG0wv4L0Lvfg,4.833333333333333,0.3806934938134406,24
GEGTsaKaO1R9fFB4sGS5qw,4.6,0.9660917830792958,10
GIFnN4Uk3wg3uOh0g2JxIw,2.3333333333333335,1.6227548592850782,21
GQue4Nouo2Mg5R2GotVS7w,4.6,0.6992058987801011,10
GR9fdito21ebH62tG8o_Yg,4.555555555555555,0.5270462766947299,9
GUuLWkqfieTDwORs8z8mDg,3.375,1.0878112581387145,16
Gg2ZHe57Ztuv8JaFj0mNhw,4.314705882352941,1.0465936748897722,340
GgcvRnt5_z3NEC0D6vNncQ,3.3508771929824563,1.1724703479372,57
Gl3XO4ECKKli8-bKKdkkYA,2.027027027027027,1.384166144621344,37
Gof3vW62_EDmqgAPTL-nKQ,2.3863636363636362,1.484639971223947,176
GpESl2dXOH8rxs0pAbIyAw,3.378531073446328,1.421503721414356,177
GyWxMEMzRZJ-mb6OAq7jyA,3.8181818181818183,1.4022588799255173,55
Gz3vi3dVKMylBb8HV1tP8Q,3.442857142857143,1.6386253896793688,70
H4Zf42Q3I8JyQ-V5l4dJrg,3.479302832244009,1.3368748809794084,459
H5bsmYmdO3FBVQHC3jfx2g,4.0,0.7071067811865476,5
HA_Hks9YjRqz3Yk6JDAaIQ,4.285714285714286,1.0690449676496976,14
HE-9l_2RSingLV2RZItdsA,3.863849765258216,1.371976337865446,213
HGRR2w9KddspVBYA-4bSlQ,3.8461538461538463,1.344504484072964,13
HMRiG6zL_q2u8e8IqUmQvg,4.555555555555555,0.5270462766947299,9
HNACff49-kXS7l0MyLOzHw,2.2653061224489797,1.6680266560130472,49
Hj44PIrCtv61ETVclzLMwg,4.007853403141361,1.1893848514714016,382
Hj8sSN8O_UTSCNkEO33q4g,3.0714285714285716,1.2688144505364485,14
Hl_vXTiYLozWo7T9Cq17vw,5.0,0.0,48
Hlx8S2GLF7hMuIKx4sU-gg,3.8,1.464424055772798,120
Hlzn3A-B2-Q1xj3FHe_D0A,3.5,2.0701966780270626,8
Hqz96v1ymucUKNzIWfEKXw,2.8,1.7888543819998317,5
HrsWLRW7sPxjeC_hDA0Diw,3.8,1.7888543819998317,5
HtxYbysdeXwexRrSkKdt2A,4.4,1.3416407864998738,5
I0jFTYVDs-WHwKR2XHQlRA,3.897727272727273,1.189122329288251,352
I3yiknZLxXVIjYp4WmLz2w,2.8051948051948052,1.5134394519469556,77
I7tLQ1YEJjcN16josIx6Dw,3.71875,1.3740075783622248,64
IDtLPgUrqorrpqSLdfMhZQ,4.216957605985037,1.1490481803206747,401
IDyJPdJ-zTXJ_FSSOMOgbg,4.0,1.3809332873770719,87
IG-CwPl5mb6-hmpFjXUIvA,3.849056603773585,1.6801582619491342,53
INaAIFXWueRVjgmuNtJTEw,4.269230769230769,1.176907669501315,156
IQFb8aeU7QW-BxpFhGMnlg,3.7941176470588234,1.7016820869756164,34
IQPsL4ZKgYpvuN0BJn_yhQ,4.28125,1.227576655221353,64
IRyKDIF51M0GcqS8yfPcYA,3.7578125,1.2604410543282187,384
ISptOKAGjQnnawYFOz3e4A,3.8125,1.0468205831628135,16
IUgQmteI-mbt_qjL2ZENKA,3.5517241379310347,1.3252009792737027,29
IXQH9-nnTWZFgBF0V3MH-A,3.875,1.7841898254763513,16
IZJacI6XEUxy3_wbW76Qfw,2.599009900990099,1.4971279336291627,202
IZZ7J14VnJGyUqYH1tgT6w,4.613496932515337,0.8980441943415328,163
Ifw5wqcChnL4zBigtR7NKA,3.4,1.410628731354044,80
IoAubn7CpU2rqcURxUo1MA,4.6982248520710055,0.785317146488713,169
IofBnKUFeC1Z2uyFOTxNDw,4.142857142857143,0.6900655593423543,7
IoihJkcF2FcE-sHOneat-A,4.098591549295775,1.2436838115422362,355
J52h9uXJgEKyIz0iq8S0Xw,3.25,1.6218615177038684,24
JD4yd4N8HCDziaJKJXk2yA,2.6,1.816590212458495,5
JSrab1rTrhBq0X80o6fPrQ,3.962536023054755,1.226528736210698,347
JUruKsTe0fdPbQHCT8XTug,3.272727272727273,1.4635728388247216,33
JZrspVMm79n_iHTYftkI0g,4.035714285714286,1.4265570213156342,56
JfXYFsOEElqn5ukwDBml6Q,3.1,2.0248456731316584,10
Ji3XN5gL1aBlbhtFEGpMFA,3.664233576642336,1.6595418053982003,137
JjmmSW_QQh2Db4fuIEMATA,3.9675925925925926,1.3575135491904375,648
JpwG8sDNsHuD0f6NF6YuGw,3.191616766467066,1.5789814153683503,167
Js3m_GdqNUGnEgXJ8WMtfQ,3.135658914728682,1.617333081235748,258
JxVPdQrAac7qNUnwse7xcw,4.769230769230769,0.4385290096535147,13
KIpghikMrBbxx75tx_ZJUw,3.0,1.7795130420052185,13
KMBCvNByuzXlPoNzHeBhZw,2.823529411764706,1.4677914581799016,17
KMuVQ8E4VIhdjwDo5jPPcg,4.538461538461538,1.1395005653625356,26
KU4zXPo6v8c3N_l14wivQA,3.2666666666666666,1.2798809468443688,15
KcGCtmMca0EjY_wCv_HN4Q,4.113924050632911,1.3015164283647105,158
KdNQZQaMd4rKjNphqGHX6A,3.8686868686868685,1.0958756519780273,198
Kg71HUigI1rnY3UMFiLx0w,4.579710144927536,0.9140375378674889,69
KiE0h68HGOO7ZXAqkMBdiw,2.6944444444444446,1.6356640319444653,36
Ksz_jsyyK3Zjlq_Cz81ZBA,3.942857142857143,1.3507739129604284,245
KxTipxTtvRDOntfze34NPw,2.0,1.3801311186847083,22
L4-_gPiqsuX50JN_-qUhNQ,4.780487804878049,0.5706222534195112,41
L6nIOUwcTGgQKExGHmvTzQ,3.5963855421686746,1.3530452232682622,498
L7-PPe0fj-6U7qq31vjWnQ,4.707964601769912,0.8417818678383917,113
L8rhRyXtpq2nCE0il1KN_g,3.103448275862069,1.3717774597268972,29
L9CFXQbU79r6PK8Cy9aAgA,4.363344051446945,0.9570487603219887,311
L9QTAucz_in5f-ufCrvb1Q,3.7209302325581395,1.181717503010501,43
L9XvUfEWfjEmOJAd21o6rA,2.7,1.8093325317714033,20
L9hRzl4W7TAdcW0Ld09O-A,4.857142857142857,0.37796447300922725,7
LDrs5hQmJw0mzlIi5Wu9aA,3.0833333333333335,1.4433756729740645,12
LEo6sBsQz3xrpKW-DQjTWQ,2.7222222222222223,1.4473324572571655,18
LIqjZ2fGRbjjMy0ezyuKSQ,3.2,1.6273524086899447,30
LKM0wL3GMsi8NwEdz-_n8w,4.065075921908893,1.1942322641534486,461
LMm555z8BReDxgkpF_TEug,4.111111111111111,1.3642254619787417,9
LdXB3D3gl3ckxZutLmen1g,4.0,1.1844313816518566,279
LgSEHsI9DKyeGVGtn61tEg,3.159090909090909,1.7011582507043237,88
LlGIlNJE2Nv_PXkH7l4Wmg,4.413662239089184,0.9531034278900758,527
LsniEK_m_Jbj7JMbT4eRxQ,4.607142857142857,0.7859547491585427,28
LswO4EWgN99h6NEEJ7qtCA,2.2028985507246377,1.301353482577088,69
LtxG9DTXCFpteVkD4SGBlw,4.166666666666667,1.3553909668791264,312
LuPK46HMxRYEVTXVbBCR1g,3.932926829268293,1.363464636655117,492
LwCcNUqX-BEMBd6Xj-JlvA,3.888888888888889,1.1922179531439467,54
M3LZKA-tVFRJyPeKA3_2OA,4.666666666666667,0.5000000000000001,9
M9kbUs_xPc9HnU-O6qZX1g,3.4347826086956523,1.036869719024164,23
MAIfD4kJDCydgoD1l2b_vw,4.0,1.2728203661899087,280
MCsD2G2R0udfzg9FTltUTA,3.7962962962962963,1.0164612982939487,54
MG0IlmvAILSzRE4E1gk5hA,4.590909090909091,0.784018695367218,66
MJI-bNIn3QDgiGggm9Wp1w,2.947012401352875,1.4768757758891273,887
MOowZBGbgn7FrTol3dvrlg,4.25,1.2033902725833159,136
MX2YGruhd0sMNHZGK7p5-Q,3.9283018867924526,1.236499420788406,265
M_0k-h3euD5T1Pv6vQwEMQ,3.3333333333333335,1.6087993330796877,18
MbzgGsMQpGyVrUJXi_Jw0Q,4.240537240537241,1.0602936828562386,819
MiMRlsXOpHJMSTDAuw8s1w,3.7,1.4545753585442762,20
MmN1qpG224QxOeq72DpN2g,3.0865384615384617,1.446431979453152,312
MnAn9IDCGMTXFqUqJ5P53Q,3.616279069767442,1.5580425475664517,86
N-CBZKO37y_WSUN7ZMNGkg,3.9420289855072466,1.327138207827993,69
NAWO3P0rl396h0kdRXwuFA,3.875,1.5438048235879211,16
NCHUoBAMTDqI754PICPN9A,3.1923076923076925,1.4752121655994048,104
NCMTfUJYTasYZ64UuGC-rg,4.4953271028037385,1.1020891976339884,107
NG3SFWgDgjMMpIJoQoQ3XQ,4.923076923076923,0.2773500981126145,13
NIQWO-Q_F598XlAvZnFVCA,3.746601941747573,1.3641470196253367,1030
NIqFlHurHm0cj6QXczYbEQ,2.885496183206107,1.5122129549567966,131
NMnn6FJkW802ldqdgScVxQ,3.6666666666666665,1.3245323570650436,39
NORF647ibBQ4U-VNMgzSLg,4.4935064935064934,1.095725866400618,77
NTLvzcGNm4IUF_yXIwIhvA,4.556338028169014,1.0884607381727653,142
NTWgjXi0ggOQnTOS1bTjEw,3.8,1.3038404810405297,5
NWiDQblpKeZwcHio6oEzUA,2.86046511627907,1.6414481896997046,43
NWwVZnCb8-Oh9QWWAb2T2Q,3.5588235294117645,1.473014887785899,102
NcPL-huY-Ac2VjkZ5KsSRQ,3.736842105263158,1.1470786693528088,19
Ng4PxR9WVdbnDGC50PbzwQ,2.898876404494382,1.5957681523060292,89
NmJX_LZ7ShIZqspI31RVZA,3.2247191011235956,1.4674716118422255,89
NnAfFmqKH3PBeigmuAeFNA,3.5267175572519083,1.3087177769146594,131
Nq4k3dnfiOMT_UrOL9xO-A,3.071129707112971,1.4606761341309238,239
Nv6ruFQa6AG6g8f-_IxFCw,3.8333333333333335,1.6890651782777917,18
NynM3SwsOMFJryABCKuOlg,2.840909090909091,1.4846832057801427,88
O0kQGkmlllaN7oU6sQyzPA,4.454545454545454,1.1009637651263606,22
O2lFAWD2WXXx5EKkzPutWQ,3.857142857142857,1.3500841724601,441
O8rIa0Wvapju2iC9T1Hp8Q,4.3,1.0809352675491624,20
OCW1gs6Rjn90_x5EV0PuaA,4.304347826086956,1.2521081966273444,69
ODvaMIpjD6bHiwQ9-kmECw,4.385542168674699,1.022089267510961,83
OFfJsY9KeOyelk46m_jzzw,4.006802721088436,1.3215629945203882,147
OJ9DJLWvQV0h-ZU07QEKag,4.015625,1.1904103375112058,128
OM5beWRkxZSu1TShUC3EDw,4.143556280587275,1.262432970658542,613
OMWhamtXhqlYCj66MqcxuQ,4.888888888888889,0.3333333333333333,9
OODq_Mki-e929E8NfPc7-Q,4.3,1.0593499054713802,10
OPQkUsUdLN_PPAW6IyEJLQ,3.388888888888889,0.9164438231805327,18
OdRkeCycTpMRow9XUXVNWw,2.2,1.6431676725154984,5
Oeaerj6kDDBRGnUh0wLAvA,2.831081081081081,1.581196772726766,296
OqZFZcjKqYwVSGEYb5GhNQ,4.428571428571429,1.157868447043679,14
OrU9wTeHJSLMwyGqYg4FAA,3.783359497645212,1.2067053296615993,637
Ow29cE1wS-_LrfN7jEuDPA,3.4397163120567376,1.455868883059387,141
OyFxR5E2HBy-K2-0AxCtFg,2.1627906976744184,1.5419565888234885,43
OzGk7arJv6FPrWqaYSvyKQ,4.466292134831461,1.020406900142631,178
P5cgKbK-cQqqZj0I3_DW0g,4.67948717948718,0.875252686980889,78
PBXFaKio7FJ-4JehJGh_gg,4.3,1.0593499054713802,10
PFEC0Z-5rT7l_DR6cySCOQ,4.7368421052631575,0.933458638205125,19
PGVZjuHpB5s5jFMKqKdCmw,3.4722222222222223,1.1828805304029435,36
PHSda9zEwtFicCICD6TP1A,3.7302904564315353,1.4280944174961052,241
PNVbv2kyUIHeJTDPis2gRg,4.0210970464135025,1.3148919597542417,474
POSwCH5XrPTMRILJaNAjAQ,4.771428571428571,0.8431633114337337,35
PPcz-0UtIJ8O7xDT551y2g,4.444444444444445,0.9807787527913532,144
PR9GKW_tKuQGIAB_aeFPJw,4.0843373493975905,1.3367062121599012,166
PUDTWmMzevJdvsueEmnYqw,4.611111111111111,0.8027729719194864,36
PVo1orQ9R7ZHfg90QACh-w,4.107042253521127,1.1859969159531045,355
PWWGbkPC_agn-4s1Hv1W5A,4.571830985915493,0.8321291027165449,1065
PZIVcSuN-G_I6oG6EVKntQ,3.7096774193548385,1.347579454443831,62
P_QAD4_iMgqTaWd5On_n3g,3.718475073313783,1.3837009272218042,341
Pf_7rI6TnV8M_btOBBLg5w,3.983050847457627,1.266157987414721,59
PgtqA056auCp5EbcZMbXPQ,3.6792452830188678,1.5427381935584212,212
Pjurvl_qc3IEMxW38Kj3tg,4.042553191489362,1.1601620353192543,47
PnT9JSoMirpKzY6TnG1HhQ,3.9690721649484537,1.202892419055547,97
PrJEYGjlhaF0BSZk_Q-uPg,5.0,0.0,5
PsO9LleYQJlFc_r-DJxVzg,3.3125,1.7308864035330234,32
Q0NVfooo9liiTgElEOVA6g,3.072463768115942,1.4071126107754273,69
Q54wPRfbmO8egJeVTmSkYQ,4.777777777777778,0.9428090415820634,18
QBNATcq7Stx9LxcSq16W7w,4.629107981220657,0.8999463571970421,213
QBuyT7RmnVj2AnS3NfxIBg,3.8461538461538463,1.5191090506254994,13
QFNrQo2BGE62G-FbIlWWgw,3.6875,1.5120483863225558,32
QFh-h_OZ5Io-mBk32HN28A,4.004587155963303,1.2156371658675353,654
QLHgjBHBoeIUoEvIPvjHnw,4.117773019271948,1.2295734316850178,467
QNoFrASBpqW8dzdAEIYjNQ,3.909090909090909,0.9438798074485389,11
QaFbv7aLQBcfT4xMF1_WnQ,4.47984496124031,0.9941551332708221,1290
QfXEdQpBojorGinfCnrKTA,2.3529411764705883,1.2217393579743303,17
Qh4SE3580B-nnH3DwuAXOA,4.7,0.483045891539648,10
Qki5LF9vIN7KPM3gn2WkJQ,3.7468879668049793,1.398749688673042,241
QpsBZDw-fE5r5_M6Vto_qA,3.9791666666666665,1.2224149236711876,96
Qsd_S2f7fNFqngx2amRE7A,3.8566433566433567,1.147265823098748,286
Qsoq2TGOe59LZy7z6KbQjA,1.6206896551724137,1.2541522083246088,58
R0U0K_qvwOQbQwPhhKw4Ew,3.342857142857143,1.5328339218365352,35
R6NxHoRRK5Y4ishGsLrGwA,3.4782608695652173,1.4418915990459231,23
R93mEcQ1pjq7q3LzShi3ow,4.87012987012987,0.4960541500218805,77
RDjtVGc0c04ZIR6em1hCbQ,3.9516129032258065,1.261402231159927,124
RHgj2ssSXnS0VA7DRvKomg,4.0,1.0,7
RIXWht1pZG8pe1SJk5hhXw,4.672727272727273,0.6398653056914475,55
RKuAfE06rDcetvOTI5MbbA,4.284090909090909,1.038886048383364,88
RNzhLU8zy1L5dBkjRK4xEA,3.4224924012158056,1.5678491911118657,329
RRGLss4hhvZZuR0N6GQlSw,4.130841121495327,1.233979874814263,214
RW3nH6Au6pSCWxJhiGY03Q,3.9545454545454546,1.4676097001109942,110
R_8S3Iuhpzoi3nM-xq3kcw,3.7333333333333334,1.5080977999980556,105
RdFgbrE_8sf6NImEMopaPQ,3.4014084507042255,1.3049815039309325,142
RiOcLw__HPf_rTOTpYKnHQ,4.1466666666666665,1.4112998752241164,150
RjOnk_W82F2brYtpDZ59MA,4.17910447761194,1.2005684510029864,134
Rl42JbSMsmNW3LRjsTMYAg,4.058641975308642,1.0810916868729974,1296
RnC8N3wdN4subTxtmV3FeA,3.6153846153846154,1.6937468171314705,52
RsjgvZO_0aLsg9YxvtBwpg,1.7346938775510203,1.4109026396259245,49
RtJC7xavgAxOITQyAlGCbQ,4.2,1.3013904184665708,95
RzgQioExrGZDkY3vNuziOQ,4.0344827586206895,1.3224101001226525,29
S3QHy1sshUeZwXOYviVsXQ,3.7737226277372264,1.347866042245207,274
S4ujTsHtCOsHKrKkcjY30Q,4.296,1.2249028927936263,125
S7Cl9gYqaC9jlw32yd4_Yg,3.235294117647059,1.632032294951514,51
S8saWaZlToeNoloR2fMrAQ,4.63030303030303,0.8131858637950656,165
SAQgO7Ij2cdnMp8VQKBffA,3.64,1.1563489339913178,50
SBs30RyeoiEU2LjeiH1YFQ,4.3076923076923075,1.1821319289469756,13
SHk_eYKzIOPvgwvTThtXiQ,3.6666666666666665,1.505545305418162,6
SOl2m-ZsAmnCuQGdMZeANQ,3.6666666666666665,1.505545305418162,6
SWP5Cck3Hd_g-KWfVkF_IQ,3.962962962962963,1.4801632311617492,27
SYHDOHRNAH-2xsw3XB5qbg,4.298666666666667,1.0941643978568152,1125
SZU9c8V2GuREDN5KgyHFJw,3.911620294599018,1.2314792451542806,2444
Sa1G0j7YGs0mSa-mU4tvgg,2.6739130434782608,1.7770680950635387,46
SaUbh0sMSev8gKNJYtC76g,2.782608695652174,1.3127528930087211,23
SeneXbKmhHhPtzyTDPDnvA,3.8970588235294117,1.356899580141521,136
Slg6Ec2D7vEBRmgVUfwkzQ,3.995121951219512,1.3701923472229478,205
Slihcg1bmYvw-V_FUFghLg,4.857142857142857,0.36313651960128146,14
Sp4HOjXy-LYV_4yy10L3jg,4.45945945945946,1.195759507469547,74
Ss6f5v_t5Vddiaz4ZOxL0g,3.8899733806566106,1.3812872401452623,1127
SsHMgOW3TT48Z7jeV5beqQ,3.956656346749226,1.3460238072226716,323
SswXHqlzhpbAQS9HVAoBww,3.6875,1.352466881911223,16
Stx8fUjg_m0-CAcT2NJCNQ,4.5,1.2692955176439848,10
Swk_Fdv-gRY8zUT2ft18Kg,3.6538461538461537,1.383974210520057,26
T2otvNcawDSkhykOG2tOLA,2.3684210526315788,1.586799293589752,114
T5HC59sxOcW-I3_ViqNbYw,3.888888888888889,1.2692955176439846,9
T5serOgucL236udCsZI0jA,3.1951219512195124,1.45291968455111,41
T9I4G6Or3sAbyYmB7c23hw,4.416666666666667,1.120776673060781,96
TCWnTa69sJ3vGQsdEe3Esw,2.785498489425982,1.694706904800806,331
TI3Rydw47yBMzY1oW2wJUg,4.031645569620253,1.1422454479611155,158
TN3tMGLb6AbAnN6rFKmH1A,3.696969696969697,1.5086386830486207,66
TSwMwVq5GtQh5LW2t32uGA,1.8333333333333333,1.6020819787597222,6
TUtf4FLtotdQDleYpRIfnw,3.216494845360825,1.4376636496077044,194
TVX2a4bVuCE2VUIkiLdZrQ,3.85546875,1.364424057544524,512
TYVln68leW7BYuVksFyB5A,4.083333333333333,1.164500152881315,12
TZ-bgvsk189WywTLFrqfTQ,4.285714285714286,1.2535663410560174,7
T_TX4Lx03Juo4pHF5cMYuA,3.1470588235294117,1.6354473568540802,34
Tc1L4BH_2pkCywkAEfCQRg,4.222222222222222,0.97182531580755,9
TeUEijNG9w8m2fNaE7J1TA,3.238095238095238,1.6402671094904604,21
Tfo88MgUweNHyOMfQ6TYGw,3.3152173913043477,1.4670696502944562,92
Tpr8CltepNzpRpQC2JM4pQ,4.195652173913044,1.1695695689392012,92
TqE83vo_rs4h4EycnuLI6g,3.875,1.3045777389343562,40
TzNk1TcWLZn0JCpO83hBAA,4.288888888888889,1.1308061050169032,495
U1Gc3wKN5viu_e68KJVOdQ,4.038709677419355,1.2320602056029628,155
U1lGcthY52-LUPdxhV3qVw,3.6724137931034484,1.3164003421676267,58
U2hkeMI-q4cS35QolJYN0A,4.181268882175226,1.12135233071738,993
U3grYFIeu6RgAAQgdriHww,4.062937062937063,1.1082491390772435,3003
U7XQ4-xZf-3a5diuDILpFA,3.4,1.8047556225547148,15
UA3HxLprLSOO9J6l1iR2Cg,3.6135265700483092,1.4863164306625947,207
UAy8Qc_T0CuHxQRiUMNN4g,3.5,1.4142135623730951,24
UBK6zb5-XUETfVzYkRTj1Q,4.5,0.987096233585649,40
UCf1qieF9Lss61Te-Qnacg,2.9,1.5951314818673865,10
UGADjVkBITKPU7I6sMO1oQ,4.0,1.4142135623730951,10
UQZe-qWOpGiyEPsTUko5Rg,4.68,0.6271629240742259,25
USVks6B2Xkf0WLmLIiXqMA,3.760649087221095,1.2955180652944387,493
UTp0yIaYklWD5BbQKz_85A,3.5664335664335662,1.5499179467579125,143
UiJiURqivPDuvMsFgRF3yQ,4.375,1.1424677492776478,216
UjgqSqa4Biy34pHSEdwj_g,4.045454545454546,1.2837897578703141,264
Ukn2qaxEP0sbjoiwn2LwhA,4.526315789473684,0.8925166999804286,38
Umywf9wstVwg30wROIrL_Q,4.680851063829787,0.8104315269931792,47
Un-UDVOuv1co3TMmGaumxA,3.757798165137615,1.3339661657053474,545
UuRZpgZsHX7PyykHV3wbZg,3.8154613466334166,1.2644610598639603,802
V4lqQdll3_TAEtkrHDYbAA,3.5416666666666665,1.4135729219948656,24
VAIOtbsxdNmuhUKkQZFRlA,4.259740259740259,1.06798316302216,539
VC4jqq8Hu1_RjBFt8nHD2Q,4.947368421052632,0.22941573387056172,19
VJKpVv_l1g943WK6fxwZKQ,3.4545454545454546,1.5653167252081766,22
VOcGcN0bvGU_nzxbJgR5jQ,4.327217125382263,1.2184519087509984,327
VW7GMzoQNMqTs9_cM26LLw,2.0,1.2649110640673518,6
VWL9UqAKfyvGeb0AlOTusA,3.5534591194968552,1.274094216475377,318
VXxZJNSscbm5bpG5ll2rcQ,4.04054054054054,1.1871364093895584,74
VZhRxX3BzU09qK4UlXrN4g,4.360544217687075,1.1222871597420223,147
Vc-hDuD19_eeJ8ULZmLSCw,3.686868686868687,1.4473513081182203,99
VciWUuWgNshjkRDPHiFCoQ,3.5,1.5118578920369088,8
VeFfrEZ4iWaecrQg6Eq4cg,3.7688442211055277,1.2580384646904397,199
VfH9vj-kkAiAwvKYCKzQ0g,3.074074074074074,1.4775279182223549,54
Vg0oTgDyRwi73D5zRywrlg,4.222222222222222,1.3017082793177759,9
VgAKmXE8B7J0I_O_R13UKQ,3.9827586206896552,1.2351574282358944,522
VhH_MGOiWsMVOJk1LHFVXw,3.5555555555555554,1.1208970766356101,27
VhWtlyWAH6Lw_XBXuKDWng,4.2727272727272725,1.2720777563426766,11
VqcHpG3ODZ4KHBhbxcL4-Q,3.8806818181818183,1.3190782889834602,176
Vt5gk5h5VlHXLu-cVKzOXw,3.6666666666666665,1.7856107630448046,24
W5-2F8kftKARrEPLhQaZ8A,3.6153846153846154,1.192927878405448,13
W7gSJz80DywKnPRIGjA2Bw,3.3076923076923075,1.6179523562429619,130
W7zCBDLFv13fDzRXJefrrA,3.5714285714285716,1.5956874654502233,35
W8a_FYH-405MtR9_0U7sQQ,3.7222222222222223,1.4853784724268781,36
WIH1ptTMD7aII_qfeVeaRg,4.615384615384615,0.869718492622904,13
WQ0cLxAeRpkp6bZP89nDVg,3.857142857142857,1.5735915849388862,7
WUGRmrfSzQCyeG6mYAM-vw,4.309523809523809,1.2678440643188622,126
WVNkMz4sEl35swjVtKHOFw,4.730434782608696,0.6795475678899686,115
WVuSLF5tLVqMGMmj5pn7mw,3.966666666666667,1.5643293888377887,30
W_TgYTkBkPhK7Qdx29j9GQ,3.9166666666666665,1.5642792899510294,12
WfN-VixjWAbfe8efJEs3yQ,3.586206896551724,1.533651562232298,58
WhAp8J-Jkd6LcEtnFZSk5w,3.8095238095238093,1.2145077340242205,42
WrU1ZYN4jlYcL5mvJrQsCQ,4.705882352941177,0.7804808305124384,136
WtGHHomZhFffiL0UiKjGkw,4.428571428571429,1.4525460784051258,14
Wy8Hswf2cLQGRZN6armkag,1.5930232558139534,1.066913161213438,86
WzgtV5eNV7rwtJYJUiPJ2w,4.2,1.7888543819998317,5
XHxAIQR-QAz6j1RMaz_J1A,3.389705882352941,1.5970936293787472,136
XQY1_EorK7FMCffiftN0fA,2.5454545454545454,1.7619242618163542,55
XSL9RuLwRTyhNUwUo7WAPw,2.0555555555555554,1.5893847208431549,18
XXsofYxziipczzc3OFDD5Q,3.0,1.7728105208558367,8
XYxSB4DQ48O7J6AsnS-Ddg,4.363636363636363,0.9534625892455926,22
XgehM3pBZWuXi45J2dqRJQ,4.299401197604791,1.1651339742263374,334
XkZwD46WcsAlbpg1inwbLQ,4.085427135678392,1.1796843840310012,199
XkveGZ8pr9TL5bZCqmzuhA,4.34,1.188550823997228,50
XleIcqVgh3iBeM4s-rdy6g,4.096774193548387,1.106189818240294,31
Xw_5QkLTyIEg6Hs-kXGNbg,3.5723684210526314,1.4583410878475687,304
XwnkfMUiyH-OsJXbmbOK5g,3.4012345679012346,1.5055172922643412,162
XyYsl2OyoMi6OMvzsdcVoQ,4.148717948717949,1.2618327949870294,390
Y-qMi8FQYC6-wq-4wBA54Q,4.0,1.5275252316519468,7
Y0izXh4Dv1_YU68tn43Xiw,4.450892857142857,1.0275571218638633,224
Y57sylYCgq2VQJuBCnjPfA,4.1728110599078345,1.2678646470721595,434
YANEffRwcoMTLMfmeY1Y8A,4.336633663366337,1.151322958363745,101
YB689VFiOlzUTBRPiauDFA,2.823529411764706,1.629236558853834,17
YGgGefpPTFhgthvQvMAGoQ,4.212328767123288,1.1042492379500433,292
YHOr_9eSbIGhcecc4Uow6Q,4.085714285714285,1.2454960875898728,35
YL50DFkSKhVFyfKZgYQA8Q,4.086206896551724,1.0643255464018202,58
YXKot5TH9MhC4khAn0JC3w,3.9844961240310077,1.2182498725376432,129
YXaCcpETNtxrNNK6TbUTlw,4.06006006006006,1.347463926243112,333
YgS10SCzw13uGiC0wTDiaQ,2.4893617021276597,1.5161785547242566,47
YgbIbmfDlB-bZSsjuIfKwA,3.669642857142857,1.4846804723781002,224
YiSr-W5BBX6uXnhWPxk82Q,3.941588785046729,1.2707663508932145,428
YrNtBUOUOYwmRZ_UVwH8iQ,3.6886363636363635,1.3021300071016302,440
Yucf_GqN-tVJl7XF1JAhMQ,2.2933333333333334,1.3927741453013192,75
YzcchXErwyb_8FL6bVPwEA,3.32,1.375984496036686,25
ZCURd9PiH4qdEjQfrIZzFg,3.425925925925926,1.4485106450244425,54
ZJ1rSNQ49v3nbG5qWgwojw,3.3877551020408165,1.3966675596249964,49
ZJzlns_dFkapVajmdFHGuw,4.462616822429907,1.1031345322070203,214
ZKi4F9BlA46rLvLyeIE3VA,3.7294117647058824,1.378018393196198,255
ZTg2GBgQj1WwAO5ySsTAQw,3.607142857142857,1.5097088392205895,56
ZY4M_fKW8aSUpsUzeh5fuA,3.488372093023256,1.2415829570361612,43
ZYqNIWch6Ik9wLZCa1hxkw,4.577142857142857,0.918233472140722,175
ZcbhsniFmXZFW8ccPvsSLA,3.6666666666666665,1.323409395983923,60
ZeGBAsyE8qcJsnWtmGWeBQ,3.5774647887323945,1.5552856589338535,71
ZmQHzv1pf0fbk-tm8lu0EA,4.475806451612903,0.9496572738858045,124
Zqc8nrT3Z1IbQBckFuU3Fw,3.875,0.8345229603962802,8
ZrxlfdFU_qpnIHI2DmoRxA,4.183333333333334,1.326460405252984,180
ZzI68qUPwySLG3pFeQxg6A,4.7272727272727275,0.7672969364884684,22
_6p_j0UL7ST3b2nvHw82eA,4.024539877300613,1.360604986377582,163
_P-0kP5DboEd5p0OqDorFA,4.55,0.95943359359198,40
_T8tOBDr3NKNxd0yl5GwjA,3.0,1.5513799215591744,119
_Uyinj5wLMJ7x2cCfHO1Yg,3.78125,1.5682236437528283,64
_cWBP-lW9RETw77prVle1g,3.7142857142857144,1.2724180205607034,28
_ecVi-tVoaKHKYxNkxFj7w,4.525065963060686,1.0241939317937185,379
_kJzi_k6LwtE3phJFxNOzA,4.1521739130434785,1.2315924882544238,138
_l05Dd6BKBAiJKX71bLq6g,4.090909090909091,1.3751033019046575,11
_nSL2u-ZzX6kkAF2D2EZgQ,3.6835443037974684,1.5067736273367842,79
_swrAjNgk60HIGLVzHiqmA,4.566037735849057,1.0471469289723927,53
_tTKZJ89dS404ZEVnHa-Cw,2.6578947368421053,1.661747125399027,76
_urnEsYdKg1wt057-8yA9Q,3.8392857142857144,1.461963632358091,56
_v3DcLatG70adfYzWTd-CQ,4.536082474226804,0.8423906416426694,97
_vLfidpLDYHfZ_KnFZ75Lg,3.6511627906976742,1.3686018674202491,215
_ywevgEtI1SpZBtY3rILRg,4.705882352941177,0.5878675320972555,17
a1E2BPYnufFzb6YX2pplJg,3.4838709677419355,1.0975671380020446,62
a32M9H9nkkPGKTKB5W27NA,3.7037358818418764,1.2867126755073857,1151
a9K3jxNUUe6jr1uh8FsakQ,3.1363636363636362,1.7964611677608644,66
aD4ysR05o5-onOjYjJ8QiQ,3.185185185185185,1.8405065573000239,27
aFhPwy7OhyKah4cJY2QdEQ,4.427745664739884,1.0337684567071102,346
aOLFlIQibMg_lT2X4qKM2g,4.474226804123711,1.0317136180601287,97
aOVpnuzdFEIp87NpGyNDkA,2.9157088122605366,1.408962512289603,261
aQBWiMlM2nEIx3EIjLRGBg,4.877551020408164,0.331200660553418,49
aY_n9RSaD2Yw09jSFFePew,3.8625954198473282,1.455828385800311,131
acqDz7WDsCS3WiLxHVceOg,3.75,1.6025547785276542,12
agXGQ4DH4SqxtJxBHKjWIg,4.0625,1.1186285295995462,48
agXY9uFaWAhIzwWsRZB6gQ,4.384615384615385,1.0612039606757255,26
apdwYbDYSOgD89eEa8yDcw,2.261904761904762,1.380341488492909,42
apmw_lkLdwWbeYiI9ysdJg,4.4907407407407405,0.8806897293861072,108
auh2m1mJ2ORJxpmPUJ9SYg,3.7962962962962963,1.4586065931466679,54
b0TBL7gSg2mduoFDgFQHoA,3.411764705882353,1.2089977581958695,34
b1shfPbHpkeWtbGbz5iAtg,3.0567375886524824,1.486957822657628,141
b2Za53CjptGyf9K0fFnrAg,3.7573221757322175,1.3749326739704564,239
b8jbsZHfrGZCVPjI9KXV_g,2.1285714285714286,1.463779390317977,70
bBA62rVklEG2WUnvi8RtrQ,4.081632653061225,1.2954620695801924,147
bDoeXKSLBvj5R5OYRBNv-g,3.8,1.0563093645728086,20
bFWH7wlto7jjjwce5ZV--A,4.573221757322176,0.9536938783709776,239
bLnC1_-Kd_Z5qhHNQXCUfQ,4.017191977077364,1.2931037776240404,349
bPVPZeqMuYtU_yGCb4P-jg,4.265753424657534,1.1076760702325206,730
bRlpi6k7wTSHHEapcLz_KA,2.032258064516129,1.3592654049709454,186
bVaRZDHkWdsHuARGxxpREw,4.540816326530612,1.0371289409437325,98
bXrQejeR66IwebuhxPS7GA,4.478915662650603,0.9783956434703676,332
bbEXAEFr4RYHLlZ-HFssTA,4.1726190476190474,1.1355688892371394,336
bd0ew6pTvlP4f5KRfWK5jw,3.9523809523809526,1.2287685874807992,42
bdfZdB2MTXlT6-RBjSIpQg,2.858638743455497,1.4348725343595736,191
bjhCtlYHrkgA5Ku8l-rB3g,3.5233644859813085,1.4879756692606778,107
bkCM8JR0ti4WHtG19DKgfA,2.8461538461538463,1.4632243987255136,13
bvULUymFuaL_4Az8Vyxalg,2.7681159420289854,1.619231185908481,69
c-W17u2jiFOD2H_d6uo-bQ,4.357142857142857,0.9907650735580661,238
c0p9TawJSQHchy5aL8NWgQ,4.452991452991453,0.9804590892422327,234
c1oDGw0j9-Lxus_Xs7go8g,3.942857142857143,0.9461702252967462,70
c1tH5Btm_f7SQ-6ju22wag,4.203125,1.0600800370912424,128
c1xuic_qvUfSIr-if6nSUQ,4.0647482014388485,1.3033325906824962,139
c7GJVA-6lQxcH6QkrRiW0w,2.857142857142857,1.4781319121038663,35
c8BFvdscjkhieg0C_rx6vg,3.5284552845528454,1.4530766978480878,246
cAbdvzqtFLaAAMFIyPf2AA,3.8420107719928187,1.3411694590428782,557
cBZJKUdFNSKHLI27Efy-uQ,4.6,0.8944271909999159,5
cCi63HyU5XtjCaCVw0qJCw,3.0,1.558387444947959,15
cJjzBIPfMmps5NhNowKPpA,4.042553191489362,1.2503468528948039,47
cMd6d7T9ycU8DX0mVybNHA,1.4,1.2649110640673518,10
cOoTIQ0RcudE1R5aRVZzdw,3.6344086021505375,1.373546237304065,93
cQDwJjslebJv5Co7gCm2Yw,4.119565217391305,1.2477882965722151,92
cVW9b_1bqsvTU1jhGNWUsw,3.2222222222222223,1.3944333775567928,9
cZ6sHHLv7VSmuFSxP6sQLg,3.687074829931973,1.4749168589915405,147
c_a38vt6v2tRq-VjdTZHZw,4.071428571428571,1.386390248839742,56
cbX2XHrun39yJBND451_oA,4.038461538461538,1.370569786060359,26
cbkrO0zra1OiNGvtjw2igQ,2.2285714285714286,1.3534652311264341,105
cpaMCrmG7WK10tJ4c_GXow,4.208333333333333,0.9315329426211431,24
crlk8kaurC4zrPUTt7BevQ,3.9662162162162162,1.2476674320345684,148
ctVn7wMvJX8f4Z9SnOnrHw,3.6184738955823295,1.4711678212863388,249
ctelO_ItYaUjIzD_AxZByg,3.6,1.140175425099138,5
cyaDjqjhtRbpd5Og5dFoZg,2.6,1.816590212458495,5
d-5kMts7CzenaPgDzesQDg,2.392405063291139,1.620523194392409,79
d0E938M2_4kcuULUdnj-Xw,4.614545454545454,0.7573046185882553,275
d0ybsdCs9S9DTDTxuwLbKg,2.8867924528301887,1.7058764649845248,53
d1sY9JkgkGt3_P2fWZ2eFw,4.333333333333333,1.2344267996967353,15
d35qSICZEJDIuGUIUIbkgw,2.4545454545454546,1.5829345590332593,33
dDU-0EW4Asx-RnM-vULFQw,4.340909090909091,1.1535688116167133,88
dQ6d9H7rnFSOSC_FXbJ_FQ,4.03921568627451,1.399439663775834,51
dYNKHYBxA_SQZBrCKZi4JA,2.7241379310344827,1.601261817713454,29
dbydQdzf0uEsvQ9y7SKT7w,3.4545454545454546,1.3684762594679063,11
ddm-u31cWT7Uq097opQUuQ,3.4,0.8944271909999159,5
df_UStxBFDYNSd-ngoR1-w,4.72,0.7082525126122896,75
dinxDxiWFUkEpxpIzaGHMQ,3.2936857562408224,1.5171872430644167,681
dq4BvgEvM4vPOqjmIjAMBQ,4.0,1.5275252316519465,7
dsNKRi0XlMm7JOWbVk0Nvw,3.9857142857142858,1.3410278152347546,140
dutm97q2F4a6RV6YQ0uLHw,5.0,0.0,34
dv6tq79a0PhoFphStXkqcQ,3.0,1.2535663410560176,15
dvs-RLII_zdcxfjoqOFJzw,3.003021148036254,1.4760686717743958,331
e-iakFOQCVEEr0-ygBKPog,3.8095238095238093,1.4354075691813744,42
e0DU7_0mfalr-lnyUafiag,3.5259740259740258,1.547496616183285,154
e63pcbZaXxSY_YyhBol-bw,2.6818181818181817,1.3587937099944003,22
e76uCbhmK8oqAtYAkxB2Qg,4.581818181818182,0.9167355346031048,55
e8IBUW8tO5XlmgD4fSMtqA,3.088888888888889,1.6898389140848769,45
e8NRt-1C8eI85C59pKhJuA,3.6153846153846154,1.7394369852458078,52
eBxc95u_Gcs9bLST0UntOQ,3.9947780678851177,1.215077137723033,383
eCW_2UoyT2xxgcFGX8OyEw,4.0,1.2724180205607036,22
eCnHSfwrco1Vs3m-iRcavw,3.903225806451613,1.445794792024498,31
eFn-8QlFGdkT_B-bWigtFQ,3.991596638655462,1.3560648347040078,119
eGI_WepIIjYahIrMVRknfw,4.476190476190476,1.0235326314383182,84
eHRzuUXA2jrR99ecioWU4g,3.3095238095238093,1.299394324090359,210
eTVtHkrdoh8plErbmRhTfw,3.0,1.6020218439332548,174
eUIsUpG6KAonYxGoExzy2Q,4.857142857142857,0.36313651960128157,14
eX7o_-s5TmDT-DMfTV4cmw,3.9285714285714284,1.4306422380888522,406
ebJav941naDgngDP2EIRHw,2.2549019607843137,1.5210935178995664,51
edDmC1Zcr5SVczbKBfiXqw,2.925925925925926,1.6390880655442788,27
edJoBsse6nsF0BYh6pATAg,4.261067708333333,1.0204143786753417,1536
ejqpFQ0dwO7AZhxTO9fySg,4.438356164383562,1.095272617550006,146
elX9a3nvGMSweRaMWgSb0Q,3.5434782608695654,1.5075855340176754,92
eoH4nxBTSu6kf-41pWDwJQ,3.853846153846154,1.3704635997247345,260
er6TqaBx6m2xpKJhqD74FQ,3.0697674418604652,1.334440293535071,43
etqiTJ31Bl3Fuh3CWTSHxw,4.0,1.2936264483053455,50
eukRpR47MDH4XXfU_Dul9Q,3.318840579710145,1.5330210013101764,138
f3eve2cxUIzyanWnHdMtFQ,4.601907032181168,0.8608682889484752,839
f7S0WFDy_J1TGahYhnoMLA,4.445714285714286,1.0646738362842907,175
f7sw_jTKAcFeLFJjNnHjUQ,3.125,1.7268882005337978,8
fAiPD2OIEm9wtS7uJqzu5Q,4.051470588235294,1.1438716124614714,136
fApb6LKfOdy5u7MP0hsHKg,3.731060606060606,1.287413924222711,264
fHUAs1ec568wu-a_mRq7Rw,1.4528301886792452,0.9316246713681893,53
fI8StEUxDaZYWiMss8gS4Q,3.7777777777777777,1.1240516284815674,36
fKrmWy4GFsrgdOYhN9pyZA,3.9415204678362574,1.3251795754555205,342
fLfU-Gw7eWx-7kHQh2tH9A,3.142857142857143,1.603567451474546,77
fLk_N8vU25DNZmbU-70gkw,3.564516129032258,1.3504215218296975,62
fMWi5o0U30MK2JgvRl_blA,3.2444444444444445,1.5833732052395946,45
fVUurZgbWXzp2QzDzJzmpA,4.484751203852327,1.0699285990789598,1246
fiQxkb1pfPpvrr0oYYYBcA,4.764705882352941,0.7199624658565771,102
fiXeirZ9GpJxe7yRpuKiBg,3.5841584158415842,1.5249086971531989,101
fnGZspqyamRremXor0sAyg,3.75,1.2909944487358056,16
fp7IHO1z53wYP4PzKSl11g,3.4583333333333335,1.3201923350097284,48
fzDcZVrT5XQmd1t_W0AguQ,2.75,1.2817398889233114,8
g0lCOgLkkByZrhmwYzP5KA,4.253012048192771,1.1244876718947674,83
g5J9OJ5e8SgLYd2DL8_K9w,4.6,0.9660917830792958,10
g6VJ6y-AzDGQy0Gj91UvUw,4.111111111111111,1.529663126654281,18
g9MWxLxQdADqja0qN1HKkQ,4.764705882352941,0.562295714538387,17
gAtJa5l8DC_IEBIp7ioTMw,3.6666666666666665,1.2309149097933272,12
gLNf3zUydIKc_cvUll-6gw,4.970588235294118,0.1714985851425088,34
gUvG-W-02lg5M1RY6n8bkA,4.173913043478261,1.4345630047135447,46
gYrHa4CckDjgOQc5B-yTKA,3.822429906542056,1.3233254574242017,107
gebiRewfieSdtt17PTW6Zg,3.3924302788844622,1.4855869321764437,502
gg5jIrK0cQbb3rmZHrteUw,2.4,1.7647338933351153,15
ghLjxj4HoSHdflBEz2lIqA,3.6782608695652175,1.3412996190979178,115
gjCxTVItFxk46rCZ-YaiFA,4.478510028653295,1.0101337472825753,349
gkqfm6mTim9Rwopwjayc8w,5.0,0.0,27
grBPIq_eJCT_SGuhvMrUZQ,3.615894039735099,1.5614562739200348,151
gsXBNWHWhHv_f9NcwpVajw,4.413793103448276,0.8245016407897711,29
h7felG8kSEuYpkYBhMwCmA,3.413793103448276,1.1807153212992278,29
h8DlM-VbvCNzpsTqihgUAw,1.558139534883721,1.2592954489259034,43
hDr_bt6MEwlGvGCCKzyzhg,3.8697916666666665,1.2938533536968557,192
hEpRFnkUl4C6NVOVSMiTVg,3.5106382978723403,1.6268446443229474,47
hJr6xw5Jn20ag2rHopI4eg,4.0,1.0801234497346435,13
hLUqElKTjOzpt_ZXkWVuiA,4.0,1.0988845115895123,107
hPzPpfSjgQkpWCD7YjcY-A,4.419834710743801,1.0775877397560907,605
hRoAwkrCWaqjBuYs4i9EYw,3.8727272727272726,1.2929526049700801,110
hVKH5oED9NgGaZeIiF547A,4.105022831050229,1.3002901491411114,219
hYlAyz4RM1kE7ErPhPQ2xw,4.2727272727272725,1.1530591721787113,33
hdCu74rz33m3EgDmdDn1SA,4.490566037735849,0.9531857819849336,53
hfN0fllM3m2jykAgToRTlQ,4.9361702127659575,0.24709224814516542,47
hlb7WwqcCijqqbp8zye1dw,4.609756097560975,0.9969465577574307,41
hoDYuaDkTNvqAZdxruZADQ,3.4444444444444446,1.340457159638232,36
hrEtM0WMgwhv19mzVnKiJQ,3.888888888888889,1.3397282541141673,27
hsHeiukmYUWH9L7CDX5Zow,3.0,0.7071067811865476,5
hvynpnucDVWFpCPSruuaBQ,3.4594594594594597,1.5017507300664965,37
hxghdsVS3nJr1Y_KMobfeg,1.368421052631579,1.01162829777814,19
i2yCrMQx5soH0jMFG32vxQ,2.90625,1.593522675122332,32
i3pBufSYEgx3_nLxxRrtGg,3.3333333333333335,1.2110601416389968,6
i5C6RVgr03HSrgCl8oa1Fg,3.961333333333333,1.3612404353821734,750
i9ASBmmIJS3RjN_UP-TtKw,2.8,1.4358058578855504,40
iAE5tMDs1XSudlEzG-Z3aA,3.3333333333333335,1.3604213570275634,135
iFlEWAwE1MwcXREzgLNIsQ,3.375,0.744023809142845,8
iHdrLu8deF5GceB0V1rPhA,4.538940809968848,0.9646295271297644,321
iJp9sq8UddLSrUtIieoD0A,3.900900900900901,1.2428336753707407,111
iMTjejk6apJKzCukZnDw5A,4.285067873303167,1.0666052622298787,663
iQ_JNYzwvhSsToR4EHl4cA,3.8076923076923075,1.4147467249037695,52
iT78kOB6Ja3BJQdYipPa5g,3.7613636363636362,1.485518742801386,88
iXkQGJF88zOeXtHMjBmeZg,3.382978723404255,1.635917393063834,47
icGg8xgDJVufg-xptMrDGw,2.6729559748427674,1.7192022559267697,159
idi-W3_au-lXyJQmHTmhAg,3.6,1.6733200530681511,5
ifjluUv4VASwmFqEp8cWlQ,3.8153846153846156,1.4778818002075187,65
iuTj4Se42VUto09Stkiq4A,3.6,1.465390194130093,20
j-lxie7nEh3UeUTpiqekkQ,3.125,1.3562026818605373,8
j1yb8y-jFwpG_hW9AH3PrQ,4.863157894736842,0.40240041230757684,95
j3Ml_qEFnDOaH5miNzG6xw,3.5402298850574714,1.5342305989199974,174
j3rAeZ9rnUwEDEQJQ7OWDQ,4.211538461538462,1.2700501152652834,156
j6TDQvbRoMszGR0hyaVxvw,2.7017543859649122,1.6253012059384755,57
j8c8WFqySY1eybnkJfgjSg,4.045454545454546,1.4953028910326949,22
jI9wCmBu77tExISLsVurOQ,4.0,1.0327955589886446,16
jKocMyXjEqgb9dL9S5vrEA,3.8190476190476192,1.3571814145284309,105
jMAQupx06hHjie54wV2yNQ,4.466666666666667,0.8338093878327919,15
jMlE4wvspc0J-oN-SYUjQw,4.627118644067797,1.0811600584038357,59
jR3sTUWCPuOCWpdm8Pn-wQ,4.383512544802867,1.1315682084848326,279
jW4a3W9-UkFxpglHvo_Kqg,3.7611940298507465,1.3238906930574668,201
jWgZRpdHy8csA1sUz1auSw,3.260869565217391,1.7892962380969744,23
jZncFsMQdrq268OHq_Q6uw,3.908256880733945,1.2512311300509984,109
j_m8zce-jSRQn5JmC633GQ,4.32806324110672,1.0192020513036248,253
jfRq1KtjEGyPoMo9HZVw2Q,3.65625,1.5157107350210541,32
jh40gx3wcYX0NL_i2Dip-A,3.630952380952381,1.3951703433135803,84
jrSC1bwN2lz9dVBrNTejSg,3.4502369668246446,1.4674686467838463,211
jshnKTsnoXLSez5XD1qo7Q,2.625,1.5322295104609076,56
jssubXBNkiSJIhbKuDtmpQ,3.395121951219512,1.395010580378774,205
jtECV91z0BVPyeu90wnCjQ,4.064516129032258,1.1960664843825,93
jtgBkAQuchDYgkdsebzLsQ,4.196875,1.4433903781372035,320
ju4YP8SLdR_BmWr_-Xh83Q,3.7965367965367967,1.3276937006593663,231
k27OsQ3Bwpkr_cZkS2BO2A,2.617021276595745,1.5259094435687357,47
k6Ptrc94R-Mk549pDEVTFA,3.963636363636364,1.2873252147090575,165
kAGknILVe6xCv9a2uc5JHw,1.84,1.1430952132988166,25
kHOXo-IZSpixpctmHsGlyA,3.8125,0.9810708435174292,16
kV1u9p8AEV7ItPlgXVODxA,3.8181818181818183,1.662418829187267,11
kZtl_NJjUnlIQgzFrBhXyQ,3.675213675213675,1.3605670354707304,234
kdowTW3-5Qcr8je9LgItKQ,3.82,1.4590712418826193,100
kfK0iQyhLIN3gOIzbLYwFw,3.4583333333333335,1.141287094417552,24
krTxH1a9kzWgwvt3PVH8pQ,4.413373860182371,1.0237740363407142,329
kwqXOtLCbNjgvwuMj4H1AQ,4.714285714285714,0.9031804856439456,70
kwtKZ3fzM5jlR8Z7KIA17g,4.8,0.8081220356417685,50
kxxexMsFL4xJLIafhXXFlw,3.8209876543209877,1.1999188429474312,162
l7NDxnGzb6z2_H08rtfS0w,4.229508196721311,1.2164626672302885,61
lBIIzOvyq4z6MDRmkrjpyw,3.6705882352941175,1.6212005787460757,85
lNkxXDcNoHBpWDNPoZesYw,4.153846153846154,1.3492638068638838,91
lTVHJAvtFQbQb6cPstEXyA,2.142857142857143,1.7119800162492746,63
lXgITG2Ji6mhAPOmw4TRng,3.671232876712329,1.4098796665334279,292
lZ44dxn1TCzJaVBa8Ze8DQ,2.879120879120879,1.44889789379999,273
lbHEB5BIm-3GfpvdzSwFLw,4.0,0.7559289460184544,8
lkwj0-9Sc_anMVNlnuqYAA,4.25,0.9653072991634227,12
lmKb382_WPMU4svBenUwHA,2.6315789473684212,1.6671881592860858,38
lmQjsnT_IK_OOdsbghiojw,3.68,1.5444436287702377,50
lnGHZ_pEJNGT9pcGQ467Ew,3.0,1.455213750217998,52
lq7dE9c10OvRfd_edJoyMg,4.1265822784810124,1.3432365105489297,79
lqwbnNd_SXzkIK_pkU2FkA,3.8461538461538463,1.0466062370273814,26
lu2UpRHLBZfvLG_caNEHKQ,4.09375,1.07050374164202,576
m-EfDi7UBwdiEBm7NXqq3w,4.078947368421052,1.2476537757853499,152
m2iS4YYmcq6pFpaGCtO-Iw,3.4285714285714284,1.1578684470436789,14
m4kvY0viCwxqRtgOycnKVQ,4.6313775510204085,0.7994794860336507,784
m4xrhESFLaA7PiddXeg2aw,3.6894736842105265,1.240154767966549,190
mAe2vv24uxf6MlR4-yXSSg,3.8380281690140845,1.456885456459578,142
mAqgsZBTN-wsShMpkz2o9g,3.1655172413793102,1.51388844950607,145
mHmIoIGOfpidrS1fYQ9PbQ,3.3548387096774195,1.522620462074759,93
mMuvlDGcJrokNFd4ob9tcw,3.9705882352941178,1.290649216894164,34
mNmUN0HghVFeAYTJ5GwxoA,2.66,1.6239282179772778,50
mQ9CsjWobwak1PMvZTSPQg,3.392857142857143,1.640670272114096,28
mYofSuxrIrPS2Gjsu-ZI4w,4.5,0.9893045053244828,48
mZ-pJSdAVrBa7ioXVzE7-Q,3.3181818181818183,1.615000033506225,22
me_-zWgGZATKrljrJ-jvKA,2.769230769230769,1.535895295576609,13
mjMJxBpW_Pg1b4duNPJsTA,4.0,1.3333333333333333,19
n-l92t6SSJn_hqtpaJXdwA,3.8333333333333335,1.1504474832710558,18
n0Z10UAJO187H8Zp8gl-rw,4.062068965517241,1.1679795568462352,145
n67s7eDowWHlfhVtCElxGQ,3.8857142857142857,1.1573658878329391,35
n6reYUBVF9buglcojgB0FQ,2.1666666666666665,1.6020819787597222,6
nAZEMdurfbWLxl9dryfgeA,3.475,1.4199212902792309,120
nB0dV8yPv29F3-CFMPG8cw,3.57543391188251,1.3927754693391294,749
nMn4CTJQPXqpgLltYQrxMA,4.679012345679013,0.8454129094414516,243
nTZuJSfwCoNOyA1yS3rbOQ,4.428571428571429,1.511857892036909,7
nYPzsOjvida-ne7swSPHpA,4.295409181636726,1.219455538519181,1002
n_RyzuCAiR4yW2JLkl0Jng,2.7142857142857144,1.4192553379451192,21
n_fADQa8T0dgLd-D8ABEhQ,3.8095238095238093,1.600595127415038,21
ng12rnK6ZGFddlC15c6Pqg,1.5555555555555556,1.130388330520878,9
nhOMsw22-rz9kXSKwBZYAQ,3.875,1.3562026818605375,8
nkLla0nBTUPL6yj-zX6eaw,3.5833333333333335,1.3174650984805196,36
nnn78cplvQGZSMVblpI5gQ,3.2222222222222223,1.5674320110306617,234
noiUCN8A9Vdm9pUbWX6K-w,3.8135593220338984,1.3192811034957304,59
nqsrL6BuIevb285dbdXjjA,2.7,1.888562063228706,10
nx01nL2of3ngBwA6XZYqEg,4.5,0.547722557505166,6
o0AG9SfwVaZ00cURT7Q-Ag,3.4,0.8944271909999159,5
o4IiNbNybcy-L4vzTSoDJw,3.8688760806916425,1.368090127314154,694
o7NjFfP5ENPBLXsSnBcrlg,3.3707865168539324,1.4411329387287166,89
o9dB3ptlB9qdiOvJzMeSLw,3.3442622950819674,1.4283462261693713,183
oGDGlUbOjHxmmCh8ZYcDCg,4.179897567221511,1.176442041391145,1562
oH1xQrw8SBPhUQUlqjNZPQ,3.5,1.3826657968874303,18
oJwMmSZKJOnMboZ_z67MZw,4.4526315789473685,1.118209254697006,95
oS02owt-XB2RtDbogYyn-A,3.64,1.5617886135675942,50
oTcezJoCe30NrwiNFsoLXQ,4.326241134751773,1.1495120325021724,141
oYireVavpwflbyWes2BsqQ,2.4,1.9493588689617927,5
od_MWVpghkvSsl1HKasM9A,3.807017543859649,1.4812952403124875,57
odpuyU1jGDhhQ54d3dG3sQ,3.6517412935323383,1.5323542190813189,201
oinV9xrSkR3b_T8sK1nsqg,3.732075471698113,1.505013538762427,265
okc-iCgWvKGa1DfQSOh1Ig,4.2,1.2292725943057183,10
oktohqIGhMQxOP7h5ugHlg,3.973856209150327,1.3474819864645926,306
ol6ATB97MdIuhm6yAGOeMQ,4.392079207920792,1.020006532845251,505
onLwomlGswMhhmOEAeAVEg,3.6375321336760926,1.2599010258627146,389
opcGJ-lCNTLhRRuGxVkCnw,4.2272727272727275,1.2317938209440806,22
oq4-qHT6EJeR81GBDq1OVg,4.1020408163265305,1.1945169518677077,49
p2kC-cD22QAQzIGD8ZuqFA,3.8533333333333335,1.439719692437661,75
p5rXRkSJtAKcWd4GY71avQ,4.375690607734807,1.044703675886754,181
p6yHZaiijFq4b4P3sYSRjA,4.5588235294117645,0.9274002918091905,34
p73i2GDzPRZJbYBa8qtpSQ,4.01360544217687,1.1761697445162347,147
pC0vDDpl_2ue3HGAmGpMSg,3.2,1.7888543819998317,5
pGtaxpSxxpmqPs6FAR1W_A,2.0833333333333335,1.6213537179739277,12
pKSB4wXLiS8rd1cAEgD8oA,4.35,1.1262124268448408,80
pQ7eCSOtLI3CaZX-TEvX4A,3.8,0.4472135954999579,5
pQh2GzkAnbLKiDqEpxcylQ,4.818181818181818,0.6030226891555273,11
pUeTnGsnVi-H8RJ6prFFgw,2.3461538461538463,1.4681228202655985,26
pWDE_rueENu_f5HKA_AsWw,4.177914110429448,1.1596095841442382,163
psZB8nX22WvadV3iUShUBg,2.8,1.6591989562649165,35
pwblP3G6LkVT03I4z9kb0A,3.2388059701492535,1.4364260387546244,67
pyFEy1qXkmYJDHxVvpK7cA,3.9210526315789473,1.4856034275201606,76
q-1ICFSqs2MwDGfe5tX-SQ,4.172316384180791,1.1145302248019506,354
q0DRuEAxE5i57xNSTrDP4Q,3.5379939209726445,1.4501630227825624,329
q36uZc2hQml10YGHazJaoQ,4.503311258278146,0.9155994188539764,151
q3z5nfCo6HmXBPgJ4OXrtg,3.962962962962963,1.1259690350121834,27
q75UQjNm6AEK4XNnkDLxTQ,3.819277108433735,1.5306530855161382,166
qJqTXdv2ukMDUYGb-oAG-w,1.8333333333333333,1.2340942045675145,30
qM2gfO-cqpDzxmIX-XzuWA,3.85,1.3971036948549005,80
qUH2FppY7RL96F5tXzA0hQ,4.223950233281493,1.077778353004352,643
qVitsouI4aBiYx1_Fjn0Pg,4.157509157509158,1.388274302002185,273
qcWH6YUyPFXUYka3rV8m8w,2.6341463414634148,1.4791230097759889,41
qdCGZDlBuetCWcV9rrU05Q,4.0,1.35566877880913,38
qdpdUjdkEUpzYDdce2yZng,4.086734693877551,1.3914123247466326,196
qmOn3S_BzihpLP2aMG9QSg,3.841463414634146,1.271428788926715,82
qnv_h-O1DzaHIL1sKrI-Yg,3.9743589743589745,0.9028370339388785,39
qsc66GLioJicWLYn7VG9LQ,3.5,0.7559289460184544,8
qvXw3V4_9Pu4E7Qoi7-cKA,4.633802816901408,1.0175521976041795,71
qx2YTFXfVDwQUfOeWCFfbw,2.9148936170212765,1.571897043232663,47
qyLw23TAfWNJMSuIJBpc8A,3.830769230769231,1.2570952475999826,65
qyXcWGL5-bU_uV2VKxqzTw,3.732142857142857,1.364534595422323,168
r2IhvKZQ_wLR5mLBnPOilg,4.2972027972027975,1.153290825259565,572
r5sQtvsO4OVJgEH5H3uEAg,2.684931506849315,1.5534612995283856,73
r8tU21scBflMxWiBESPtRQ,4.298076923076923,1.132564169448685,208
r926yelr_EJAKQCjdD6AWA,4.079545454545454,1.1790864914359338,528
rH80UXr5YBv4um7phwwwMw,3.5357142857142856,1.1749550972354137,56
rPVmM0aJbC6lU_mnDiZ2Rw,3.9151785714285716,1.3146098550932384,224
rU8HgGMR8Qd8_SkvKANdEA,2.7142857142857144,1.3741174468596107,70
rUePoREIOze59D3fd6B6ew,2.2244897959183674,1.6363743729462934,49
r_UPGh9GHMyBhPVMKVxRuw,4.416666666666667,0.9373214115613857,36
rh6O8NtKJUhqZ0G2Pkpj2Q,4.183168316831683,1.1232326007204514,404
rsEy48n_jB0I-Mofec1NJA,3.925925925925926,1.4832630340255266,108
s-iUpeKVCuPd5m4OJ3HixQ,4.0,1.286204100310025,82
s27GlS3WCN7b4dxTpainrg,3.75,1.164964745021435,8
s4k1P9FHfPUzw3dqXRp7eA,4.463829787234043,1.0986443728901945,235
sCJEbsv0KEsx_IifiFjGDQ,3.607142857142857,1.7070504280838235,28
sNyHfboSOs-ESN76cYFfTA,4.314285714285714,1.23124586762946,35
sQFk2gZFUCmLhfYX0ufPbA,3.675324675324675,1.2078859135038422,77
sXaIwcg_nV79tPMenha6hw,4.316666666666666,0.8597765327540113,120
sc-MRSa8K0BTE5m3tmgrQw,4.184027777777778,1.2868221503426442,288
scH9yupjqMr-XP3bzJGY0A,3.9066666666666667,1.3076696830622023,225
sdzD-6O7eKIYgF9WzOuasg,3.9210526315789473,1.3148480424349485,152
sj2o49ZCq2iJlZxDNrHDaA,4.406451612903226,1.1321555936477552,155
sjNVeNqhDjEFHoOybnt2ug,3.7025316455696204,1.4520334683676177,158
sjWf71VmU5HIwqX8RGCLJw,4.318181818181818,1.2867960816866657,22
sk0IM8koYo1o9-k_rpkmxQ,4.494949494949495,1.1191627462193572,99
skY6r8WAkYqpV7_TxNm23w,4.0347758887171565,1.227640401249424,2588
soaZ7_oU7xcphlw6gpWblg,2.938775510204082,1.7959231988184858,49
sor6oj-nuslOcSx7di4urA,4.135294117647059,1.2850128502602718,340
spm1KEE-5jAJVTE0ldpzFA,3.8333333333333335,1.602081978759722,6
ss7TePuqCeqJXhVtsKTwow,1.6,1.0555973258234952,15
ssZSQ7HzLFBbm41gWubXKQ,3.12,1.3346252244716188,50
svKDkmALJNcToJxEsU_bpw,4.142857142857143,1.0690449676496976,7
syuKX2pH3JJhOOppzNI6SA,4.647668393782383,0.9243281647398075,193
tA1IXs5GeNAqnJgaD4ajZA,3.282608695652174,1.5005635012407965,46
tGQytMbOXDdZS_OSK9hkBw,4.2052980132450335,1.2017647068357546,151
tS47dXDlx9t-6B_F56cKUA,1.9019607843137254,1.3966707509523193,102
tSmUxIto8yAqijDgsjLBRQ,3.9,1.449137674618944,10
tZnPqmwGcLjYeBdwyvhazg,3.9642857142857144,1.261455445614248,28
tf6S06LD09IFDHUpOPqPaw,4.570934256055363,0.9107946073011793,867
thlyktt2c7v1DyOpSVSibw,4.116178067318132,1.2582635320486923,921
tiSIiacOzflrMMwJEXVFIA,2.9479166666666665,1.6630333203400955,96
tjIIpbimdbi9Lrb-DoIzKg,3.7761194029850746,1.3687075912609656,67
tm87DWqehpt79ZInFVmv1w,4.0,1.4270121360253514,56
to6wzDW0qBkrY6zttmngZg,5.0,0.0,6
tthy48ZIX_wfY8Dy0Dvg6w,4.395427034297243,1.0005008516374867,1487
tyt3pz0x3ZB8GXsSx1a9Aw,3.90625,1.399929970237307,256
u3uB0GD7cVf5NC-AFHdwnQ,5.0,0.0,10
u9oG6CVhS9dJR5ZHS5q23A,4.6940298507462686,0.9357367081995651,134
uEv1I-0r82Krj4eEysjC4A,4.629032258064516,0.8598330518186295,124
uFF40n9pOqHK1ciajdoSEw,3.013888888888889,1.3267885144695537,72
uGo0TCVNOcDQxMArUU0Jrw,4.085664335664336,1.1157230443306803,572
uI15YInpDsGBUZcNfm_TfQ,3.9655172413793105,1.4501207911582992,174
uJc9lKaxLNBZch866x4_pA,3.9056603773584904,1.3904087797284685,53
uLRQINpcDXof3b3QowTzfg,3.422680412371134,1.2896628398732084,97
uO39--k_hrCFgZh-Bl8m8A,4.509661835748792,0.8137161825869541,414
uPaVoR6XHk12KT9KTr1WFw,3.0,1.7126976771553504,151
uQSCNdPI0dC_sPsOh1U8NQ,1.8333333333333333,1.5128178628568814,42
uQcKo8m34OULhySxwRaOAg,3.5555555555555554,1.0137937550497031,9
uRz7uwSoU5n0uzBac_UcxQ,3.8,1.0327955589886444,10
uXxrl2LRH2mB1uw0GJF4GA,3.619718309859155,1.5340534278561164,71
uZYBF0YTU_iKq4_L_PDtMQ,4.173546756529065,1.1752970878250713,1187
ugkzb_3jAcK0RZLxIeK7gA,4.2,1.3038404810405297,5
uozdxwCZUHPubziu76Y2Ag,2.606060606060606,1.4987368418812295,33
upxQiiUF-6NM9jOJCxS_hg,4.0,1.4142135623730951,8
uqsJ4HJWaPuQMc55ahwiDA,3.823529411764706,1.377056581888109,153
urEO2v7ydkJ-j9tUUmXpZQ,1.4285714285714286,0.7867957924694432,7
uriD7RFuHhLJeDdKaf0nFA,3.7434210526315788,1.446501232467128,304
ut45DX7-QaOWLzYRlBSbGA,3.4935897435897436,1.4480099575125223,156
uvb3NcpqBEaCrrcyfNF-wA,2.573170731707317,1.5398451726313267,82
v4AMcIZ--hXZuJIg3luUgg,4.519447929736512,1.0363667189960164,797
v4lz71o76wWD8H15NsbZGA,4.079908675799087,1.2008799179989487,438
v5M6gYtiaGG5zuvAVSxNTA,2.6,1.140175425099138,5
v5jxpGnKbx3vVxs28dgokQ,2.923469387755102,1.5086962291590043,196
v7dKKlpLH36GQTIX5qIReQ,3.955357142857143,1.1960022963696568,112
vC2qm1y3Au5czBtbhc-DNw,3.135294117647059,1.5305338730820637,170
vDBfhX1XI4uRWBCQQNRsUg,3.925675675675676,1.119348791587069,148
vDYkWElzs38G4vzgLqwX-A,3.65,1.3869694338832113,20
vLT1KtrA9bWvjFOg-0xVIg,3.369565217391304,1.6123432960988082,138
vNRTLUP22o1X3sMURoiB9A,3.814432989690722,1.4813415717631355,97
vTXNVK73GOvVb3js4w8SLg,2.341463414634146,1.6218778637363693,41
vZG0BDPGDJxMGiXcGoVU6w,3.8609625668449197,1.5176117108940739,187
v_8DrVtUIHE0o62Ps926Yg,2.9523809523809526,1.7101188227491746,42
vgDl4_ZjoLLIU2ZPL83GIg,4.2105263157894735,1.1342617456312005,19
vhWlxyLEWAbNOMtQ42yzFg,4.297405189620759,1.0739521653653923,501
vi5xjfEhV6rnXrC_GbdhnA,3.590909090909091,1.4274514194391816,88
vj6AetpADpHOYtMRZsXX3g,4.219541616405308,1.2626382479500116,829
vmq2cm0Ayol4toVsL4dZfA,4.316062176165803,1.0401327220347043,193
vsrryxBR2Jykl71qa1H6SQ,3.8016528925619837,1.4060573406440657,121
vyNMRa4U9gnrCzqR707GZA,4.166666666666667,0.408248290463863,6
vyxxsn2l6ELF2Yoxr6BWcw,3.0,1.7320508075688772,7
vyyr3G874jpRYSQo2KPZow,4.791666666666667,0.7205953809741166,120
w1l5vu31SJgPLTp6nlLWEg,2.5,2.0701966780270626,8
w4P_EBFH6MdfbUwM-xJQdQ,3.4444444444444446,0.7264831572567788,9
w79qtK0PpeDWrnY7E-uTRg,3.25,1.734721666221777,28
w8AxfAjNq7wU5jHmpLSpNg,3.6213991769547325,1.4390778789392231,243
w8fA94jzTNiGAIZz87y9Cw,3.1666666666666665,1.4719601443879746,6
wEWy_NbtwcgNY2dKEmnACA,2.5,1.0690449676496974,8
wFES5bGDiPANW13hNHnXOQ,4.217616580310881,1.2890348823566304,386
wFNDV56dxETK8lpJKdCbCQ,2.869565217391304,1.0137396037394037,23
wJiaLWAxfqDeFsmE2cI8tg,3.578358208955224,1.4781232123055,268
wK2IixmZUOEFGz1QZqR99Q,4.2368421052631575,1.2205836970087338,76
wKOD2ZWMpiJcdSswRXVuRA,3.6533333333333333,1.2584568512795495,150
wMZAnrfwV-qHiV5zdTSrzw,3.9901960784313726,1.3943334834488261,306
wO4IO1uTN65jkYdaBJCL8A,2.9770114942528734,1.266537226605667,87
wUHUyTrOpUcTVTQpyZFo8w,2.176470588235294,1.3364491223703547,34
wX4ap0Qy5ZK6Hy2iKvBqXA,4.185185185185185,1.082869599182184,54
wb9P0ipW4ysbgNA9jIl3bg,3.7790055248618786,1.3440408000472044,181
wfjqxgLSsLtyzswzQBziSw,4.130952380952381,1.108267914438534,168
wmEZ3OqLuD1Z6b3mJSl1yg,3.857142857142857,1.3807583085006248,56
wrtx446YNQoQa5U7UI6j5w,3.7083333333333335,1.1970676733137326,24
ws0mjFrkanX_sXoUVRh8Uw,3.703125,1.243135915643139,64
wupvqueqdEZXQxv14sa9vw,4.08955223880597,1.271178541571404,469
wuzoQhym6ll3fjAiVgIJbw,3.7387387387387387,1.4378754005426435,111
wvD7TOuE-qUhkyXoi8K8hA,3.972332015810277,1.3463742081515389,253
wxsOj_q1XOye3ug45Hh5nQ,3.6842105263157894,1.293257367998745,19
x1YPj22nR3b0S_fDVWTGZw,3.9393939393939394,1.4663275725827944,66
x2_m8MqR9zEiKCiQqAcadw,3.8518518518518516,1.4718414522824403,54
x3D4pyClaewoT1H2Jzcmjg,4.0,0.8660254037844386,9
xCbzGlxwX6QrS9t9uRcflQ,3.3125,1.8154430129677255,16
xGaYXbXGwagUKPNEaVqbWw,3.0933333333333333,1.6289055630494151,75
xRapA2lG7mjJ6eOqHmxe-A,4.012738853503185,1.3959063829939642,157
xUd0QOyVzx9SQhWulcOPAw,4.761904761904762,0.5301942953139068,63
xUkr5K9vgjzvLCZBYFZ3Vg,4.5,1.4142135623730951,8
xVtO6a4dqKQQzMXkSPL80A,4.012987012987013,1.25124681495474,77
xWJjVW8-XqswB-5VugAr7w,3.0,0.8944271909999159,6
xdEND5C5s4FqCqgf0p7EBg,3.206896551724138,1.6339983901204604,29
xkS_mRHVHuX0ko6kVIyBdA,4.02734375,1.392991693386266,256
xkYNvZlraS1JGleICGhE1w,3.6818181818181817,1.4946121139847457,132
xv_nZ8E7DFiKDjFi9syKsQ,2.316666666666667,1.5567422161949667,60
xwSWtJcQkzTF6HNm_IMgcg,2.5104166666666665,1.5217357932839075,96
y1ZPi7c6sSkWdE1p2vUo-Q,3.945945945945946,1.4275414562467812,148
y4x_wAQvUxvTR8iV-JP4Jg,4.12720156555773,1.052291522120631,511
y8RbDyDJd-zGcgThqIZWDg,3.8055555555555554,1.3484264786238693,36
yE8r8JXplgnr4XxRivkdLw,4.107142857142857,1.227441956515157,28
yEmEDomLUofVtbZoUeFV5g,3.815873015873016,1.3676431851593638,315
yHtS6dj20tl3ht32w6K6Qw,2.4545454545454546,1.0357254813546264,11
yIAgFdYQY3UdfDn-qO0K7g,4.3478260869565215,0.8371184285554285,69
yL1yC5OOawjSamAb9Wjm5A,4.826086956521739,0.5762081310400607,23
yLqFm4epPkbkPpan9gmEjA,4.235294117647059,1.2514697241996047,17
yM7eA2uuH3Ch7OYVj3PKSw,4.35632183908046,1.190827458009794,87
yPSejq3_erxo9zdVYTBnZA,4.48932887631782,0.9501200850526044,3889
y_s6hHqKycP4L_pV0JlLjg,1.5,1.0919284281983377,14
ycbmvmBYk4w_ZmdrPL0tBQ,3.96514745308311,1.5593517029764281,373
ygZyTUWS4dbVL8d6vAiN4A,4.043478260869565,1.408323811869729,69
yghgUguk26YykduF52CDdg,3.230769230769231,1.4232501627054275,13
yqJuEIGZpA9ILqCuBCWDkQ,3.5166666666666666,1.3465796805826946,60
yuHv4P8RUG8rWKnx50azWA,3.1666666666666665,1.8504708655481241,12
yw3vRR7XLIjEnlhMnVzR7w,2.692622950819672,1.5125629209256581,244
ywXa1pDqHPe9tOPx0yJFUg,3.1186440677966103,1.6513813002193656,59
yy6suHtRjIg3RwsNt5vstA,3.2808988764044944,1.5520423790850544,89
z-9_8ot2TnKL9DX4k3MYMQ,3.230985915492958,1.460457279725347,355
z-O652VzhRqME3ev9LqH2Q,4.35,0.9356408118576056,60
z31te0YMSegTdktp3qYqGw,3.1044776119402986,1.4980086283951333,201
z5N7vgaNSBpjKT_gbY53sw,3.2586206896551726,1.6174524568254682,58
z6I4QVP1M1HXETgwD92XHg,3.97165991902834,1.2877982837413995,494
z9-8KvMAlVK46De-G3sNJQ,4.153526970954357,1.1279027404780388,241
zE8kXF0_2Twh4AhcewlFGw,3.9411764705882355,1.6382379343098379,17
zJpZ-uQ_F0XVgK1u98uWSg,4.384615384615385,1.5021352323976214,13
zNbRWVCKNe6gBShmnuAQNw,3.603448275862069,1.4257221532160167,116
zV71Cfo4_jnkpr5_KH2HWw,2.7777777777777777,1.7873008824606014,9
zVxDd79gdZcfz-O14QBCrA,3.5,1.381698559415515,12
zWwGjQlUEiLS7hCXDkBGzg,3.825,1.1958796783657648,40
zYTQOpgMSMaFNkcCAvJR3Q,3.5,0.5477225575051661,6
zZrDoiQIUmiVkifJx0h_KA,4.375,1.1877349391654206,8
zeAfmYy9b1gfUJLRBHm6vQ,3.8930041152263373,1.3624511622089368,243
ziXR7sUrbKRCNeDqfjibUg,3.72962962962963,1.4237274536637432,270
zpuFEeAhrNzXPkOlBf5Kog,2.810344827586207,1.456104350676822,116
zu4p6IZLSVn2Noto-vcwzw,3.56140350877193,1.2321794730760485,171
zxW8zECvT_SqejieMMjb5A,3.625,1.1474609652039003,16
