week,avg_stars,std_stars,review_count,avg_sentiment
2005-02-28/2005-03-06,3.8333333333333335,1.1690451944500122,6,0.8333333333333334
2005-03-21/2005-03-27,4.375,0.5175491695067657,8,0.875
2005-03-28/2005-04-03,4.0,1.4142135623730951,2,1.0
2005-04-25/2005-05-01,4.0,,1,1.0
2005-05-30/2005-06-05,4.0,,1,1.0
2005-06-06/2005-06-12,4.333333333333333,0.8164965809277259,6,1.0
2005-07-04/2005-07-10,4.5,0.7071067811865476,2,1.0
2005-07-25/2005-07-31,1.5,0.7071067811865476,2,0.5
2005-08-29/2005-09-04,4.5,0.7071067811865476,2,1.0
2005-09-05/2005-09-11,3.0,,1,0.0
2005-09-12/2005-09-18,4.0,0.0,2,1.0
2005-09-19/2005-09-25,3.75,1.5,4,0.75
2005-10-17/2005-10-23,5.0,,1,1.0
2005-11-07/2005-11-13,3.875,0.8345229603962802,8,1.0
2005-11-28/2005-12-04,4.0,1.4142135623730951,2,1.0
2005-12-12/2005-12-18,4.0,1.4142135623730951,2,1.0
2005-12-19/2005-12-25,4.0,,1,1.0
2005-12-26/2006-01-01,4.0,0.0,2,1.0
2006-01-02/2006-01-08,3.5,0.7071067811865476,2,1.0
2006-01-16/2006-01-22,4.0,1.0,3,0.6666666666666666
2006-01-23/2006-01-29,4.0,,1,1.0
2006-01-30/2006-02-05,4.545454545454546,0.8201995322647243,11,0.9090909090909091
2006-02-06/2006-02-12,4.2,0.44721359549995787,5,1.0
2006-02-13/2006-02-19,4.444444444444445,0.5270462766947297,9,1.0
2006-02-27/2006-03-05,4.5,0.7071067811865476,2,1.0
2006-03-13/2006-03-19,4.2,0.8366600265340756,5,1.0
2006-03-20/2006-03-26,4.5,0.7071067811865476,2,1.0
2006-04-03/2006-04-09,4.0,,1,1.0
2006-04-10/2006-04-16,3.3333333333333335,1.1547005383792515,3,0.6666666666666666
2006-04-17/2006-04-23,5.0,,1,1.0
2006-04-24/2006-04-30,3.0,,1,1.0
2006-05-01/2006-05-07,3.0,2.0,3,0.3333333333333333
2006-05-08/2006-05-14,3.0,1.7320508075688772,3,0.6666666666666666
2006-05-15/2006-05-21,4.6,0.5477225575051662,5,1.0
2006-05-22/2006-05-28,4.333333333333333,0.5773502691896258,3,1.0
2006-05-29/2006-06-04,3.769230769230769,1.0127393670836666,13,0.6923076923076923
2006-06-12/2006-06-18,4.5,0.7071067811865476,2,1.0
2006-06-19/2006-06-25,4.0,1.7320508075688772,3,0.6666666666666666
2006-06-26/2006-07-02,4.1,0.9944289260117533,10,0.9
2006-07-03/2006-07-09,3.5,0.5773502691896257,4,0.75
2006-07-10/2006-07-16,4.5,0.7071067811865476,2,1.0
2006-07-17/2006-07-23,4.0,0.0,2,0.5
2006-07-24/2006-07-30,4.090909090909091,1.2210278829367867,11,0.9090909090909091
2006-07-31/2006-08-06,3.8125,0.7499999999999999,16,0.8125
2006-08-07/2006-08-13,4.0,0.0,2,1.0
2006-08-14/2006-08-20,4.666666666666667,0.5163977794943221,6,1.0
2006-08-21/2006-08-27,4.363636363636363,0.8090398349558905,11,0.8181818181818182
2006-08-28/2006-09-03,4.05,1.2763022245616642,20,0.85
2006-09-04/2006-09-10,4.666666666666667,0.7071067811865475,9,0.8888888888888888
2006-09-11/2006-09-17,4.0,0.5773502691896257,7,0.7142857142857143
2006-09-18/2006-09-24,4.25,0.9574271077563381,4,0.75
2006-09-25/2006-10-01,4.333333333333333,1.1547005383792517,3,0.6666666666666666
2006-10-02/2006-10-08,3.0,1.0,3,0.6666666666666666
2006-10-09/2006-10-15,4.25,0.9574271077563381,4,1.0
2006-10-16/2006-10-22,4.1,1.3703203194062976,10,0.7
2006-10-23/2006-10-29,4.454545454545454,0.6875516509523287,11,0.9090909090909091
2006-10-30/2006-11-05,3.3333333333333335,0.5163977794943222,6,0.8333333333333334
2006-11-06/2006-11-12,4.0,1.0,7,0.7142857142857143
2006-11-13/2006-11-19,3.5,0.7071067811865476,2,1.0
2006-11-20/2006-11-26,4.666666666666667,0.4923659639173309,12,1.0
2006-11-27/2006-12-03,4.0,0.6666666666666666,10,0.8
2006-12-04/2006-12-10,3.4,1.816590212458495,5,0.6
2006-12-11/2006-12-17,3.857142857142857,1.4638501094227998,7,1.0
2006-12-18/2006-12-24,5.0,0.0,5,1.0
2006-12-25/2006-12-31,3.888888888888889,0.8006407690254357,27,0.7407407407407407
2007-01-01/2007-01-07,3.925925925925926,1.1068293567986103,27,0.7777777777777778
2007-01-08/2007-01-14,3.5,1.3394467690277294,18,0.7222222222222222
2007-01-15/2007-01-21,4.6,0.9660917830792958,10,0.9
2007-01-22/2007-01-28,3.823529411764706,1.3800042625680118,17,0.7647058823529411
2007-01-29/2007-02-04,3.875,1.1259916264596033,8,0.5
2007-02-05/2007-02-11,4.5,0.5477225575051662,6,1.0
2007-02-12/2007-02-18,4.235294117647059,0.8896313001841717,34,0.8823529411764706
2007-02-19/2007-02-25,3.8181818181818183,1.5374122295716148,11,0.8181818181818182
2007-02-26/2007-03-04,3.5,1.2860194997923453,14,0.7857142857142857
2007-03-05/2007-03-11,3.7142857142857144,1.3801311186847085,7,0.5714285714285714
2007-03-12/2007-03-18,3.5652173913043477,0.9451352455659809,23,0.5217391304347826
2007-03-19/2007-03-25,3.466666666666667,1.2459458063579458,15,0.7333333333333333
2007-03-26/2007-04-01,4.083333333333333,0.7929614610987591,12,0.8333333333333334
2007-04-02/2007-04-08,3.859375,0.8139105582466644,64,0.796875
2007-04-09/2007-04-15,3.9523809523809526,1.023532631438318,21,0.7619047619047619
2007-04-16/2007-04-22,4.0344827586206895,0.9056473068115289,29,0.7586206896551724
2007-04-23/2007-04-29,3.857142857142857,0.8644378215075665,14,0.7857142857142857
2007-04-30/2007-05-06,3.9444444444444446,1.1099667309387475,18,0.8888888888888888
2007-05-07/2007-05-13,3.7333333333333334,1.533747356112131,15,0.7333333333333333
2007-05-14/2007-05-20,4.4,0.699205898780101,10,0.9
2007-05-21/2007-05-27,4.454545454545454,0.6875516509523287,11,0.9090909090909091
2007-05-28/2007-06-03,4.0,1.0327955589886446,16,0.75
2007-06-04/2007-06-10,4.473684210526316,0.7723284457212329,19,0.7368421052631579
2007-06-11/2007-06-17,4.0,0.816496580927726,10,0.7
2007-06-18/2007-06-24,4.125,0.8501917942185292,24,0.7916666666666666
2007-06-25/2007-07-01,4.088235294117647,0.995981229554889,34,0.8235294117647058
2007-07-02/2007-07-08,4.0,1.1375929179890423,18,0.7222222222222222
2007-07-09/2007-07-15,3.739130434782609,1.2142109785351378,23,0.8260869565217391
2007-07-16/2007-07-22,3.5238095238095237,1.0873573971677286,42,0.7619047619047619
2007-07-23/2007-07-29,4.0,1.0954451150103321,16,0.75
2007-07-30/2007-08-05,3.6363636363636362,1.1769797726729994,22,0.7272727272727273
2007-08-06/2007-08-12,3.740740740740741,1.1297580609817643,27,0.6296296296296297
2007-08-13/2007-08-19,3.740740740740741,1.3471506281091266,27,0.7407407407407407
2007-08-20/2007-08-26,3.918918918918919,1.0375820818501913,37,0.8378378378378378
2007-08-27/2007-09-02,3.9642857142857144,1.0708993401928106,28,0.7142857142857143
2007-09-03/2007-09-09,4.04,1.485485330343813,25,0.8
2007-09-10/2007-09-16,3.8,0.9411239481143203,15,0.7333333333333333
2007-09-17/2007-09-23,4.375,0.6191391873668902,16,0.875
2007-09-24/2007-09-30,4.05,1.190974832912761,20,0.8
2007-10-01/2007-10-07,3.9473684210526314,1.26814318375447,19,0.6842105263157895
2007-10-08/2007-10-14,3.742857142857143,1.0100336960848832,35,0.7428571428571429
2007-10-15/2007-10-21,4.035714285714286,1.1700630833624392,28,0.6785714285714286
2007-10-22/2007-10-28,3.65,1.3869694338832113,20,0.7
2007-10-29/2007-11-04,3.7333333333333334,1.2798809468443688,15,0.8
2007-11-05/2007-11-11,4.387096774193548,0.71542152399075,31,0.9354838709677419
2007-11-12/2007-11-18,3.5454545454545454,0.9384464919119353,33,0.6363636363636364
2007-11-19/2007-11-25,3.84375,0.9873187869663852,32,0.75
2007-11-26/2007-12-02,3.8636363636363638,0.9408939288152439,22,0.8181818181818182
2007-12-03/2007-12-09,3.24,1.2342339054382412,25,0.48
2007-12-10/2007-12-16,3.533333333333333,1.0416609195243756,30,0.5666666666666667
2007-12-17/2007-12-23,3.6,0.9660917830792959,10,0.8
2007-12-24/2007-12-30,3.473684210526316,1.2187617145935723,19,0.631578947368421
2007-12-31/2008-01-06,3.92,1.151810169544733,25,0.68
2008-01-07/2008-01-13,4.0,1.0377490433255416,14,0.7857142857142857
2008-01-14/2008-01-20,3.75,1.1426091000668408,28,0.7142857142857143
2008-01-21/2008-01-27,3.96,1.1718930554164628,25,0.72
2008-01-28/2008-02-03,3.380952380952381,1.3219754338182867,21,0.5714285714285714
2008-02-04/2008-02-10,4.3125,0.6020797289396147,16,0.875
2008-02-11/2008-02-17,3.875,1.0666866985298509,40,0.825
2008-02-18/2008-02-24,4.0,1.1744404390294068,30,0.7333333333333333
2008-02-25/2008-03-02,3.9444444444444446,1.0556415513645339,18,0.8333333333333334
2008-03-03/2008-03-09,3.9444444444444446,1.0939951539314043,36,0.8055555555555556
2008-03-10/2008-03-16,3.9148936170212765,0.9516527324708534,47,0.7659574468085106
2008-03-17/2008-03-23,3.739130434782609,1.1368773542370676,23,0.6086956521739131
2008-03-24/2008-03-30,3.675,1.2483322207382666,40,0.775
2008-03-31/2008-04-06,3.736842105263158,1.3267380744248862,19,0.8421052631578947
2008-04-07/2008-04-13,4.269230769230769,0.9190295885418407,26,0.8461538461538461
2008-04-14/2008-04-20,3.6363636363636362,1.1942095141290592,33,0.7272727272727273
2008-04-21/2008-04-27,3.76,1.0115993936995678,25,0.68
2008-04-28/2008-05-04,3.8974358974358974,0.8824270297809269,39,0.7948717948717948
2008-05-05/2008-05-11,3.95,0.9816105755511696,60,0.7166666666666667
2008-05-12/2008-05-18,3.607843137254902,1.1845409469081094,51,0.6862745098039216
2008-05-19/2008-05-25,3.4285714285714284,1.1996472144565833,28,0.6785714285714286
2008-05-26/2008-06-01,3.883720930232558,0.9809932363628152,43,0.7209302325581395
2008-06-02/2008-06-08,3.6774193548387095,1.1940713762639583,31,0.6774193548387096
2008-06-09/2008-06-15,3.8333333333333335,0.926547659884658,54,0.7592592592592593
2008-06-16/2008-06-22,3.764705882352941,1.209764196760966,51,0.7647058823529411
2008-06-23/2008-06-29,3.8225806451612905,1.0326504740648998,62,0.7903225806451613
2008-06-30/2008-07-06,3.7333333333333334,1.191305602919764,60,0.6833333333333333
2008-07-07/2008-07-13,3.9523809523809526,1.1032630306279143,42,0.8333333333333334
2008-07-14/2008-07-20,3.736842105263158,0.9915052731916847,57,0.7543859649122807
2008-07-21/2008-07-27,3.6610169491525424,1.1687035182204581,59,0.7966101694915254
2008-07-28/2008-08-03,3.8947368421052633,1.1339830229962935,38,0.7631578947368421
2008-08-04/2008-08-10,3.4489795918367347,1.1736911946539275,49,0.6938775510204082
2008-08-11/2008-08-17,3.6451612903225805,1.041700598777494,62,0.6451612903225806
2008-08-18/2008-08-24,3.5,1.2210278829367867,56,0.6964285714285714
2008-08-25/2008-08-31,3.86,1.1067510827569467,50,0.8
2008-09-01/2008-09-07,3.753846153846154,1.2251373549367999,65,0.7538461538461538
2008-09-08/2008-09-14,4.024390243902439,0.9079593845004515,41,0.7560975609756098
2008-09-15/2008-09-21,3.9148936170212765,1.1947309545056677,47,0.7872340425531915
2008-09-22/2008-09-28,3.4166666666666665,1.3601470508735443,36,0.4722222222222222
2008-09-29/2008-10-05,3.5348837209302326,1.2218026730497602,43,0.7906976744186046
2008-10-06/2008-10-12,3.64,1.102131515542052,50,0.72
2008-10-13/2008-10-19,3.607142857142857,1.2863754913562,28,0.8214285714285714
2008-10-20/2008-10-26,3.891304347826087,1.1590850964746138,46,0.7391304347826086
2008-10-27/2008-11-02,3.9069767441860463,1.2113344370956804,43,0.6744186046511628
2008-11-03/2008-11-09,3.914285714285714,0.8868791472623198,35,0.8285714285714286
2008-11-10/2008-11-16,3.5833333333333335,1.1000658741803746,24,0.8333333333333334
2008-11-17/2008-11-23,3.8333333333333335,0.9348709749678821,42,0.7619047619047619
2008-11-24/2008-11-30,3.9565217391304346,1.2605287804426006,23,0.8260869565217391
2008-12-01/2008-12-07,3.8636363636363638,1.1531737619103906,44,0.8181818181818182
2008-12-08/2008-12-14,4.225806451612903,1.0233825423354594,31,0.8064516129032258
2008-12-15/2008-12-21,3.450980392156863,1.205217415907953,51,0.7058823529411765
2008-12-22/2008-12-28,3.5588235294117645,1.1332756617391009,34,0.7647058823529411
2008-12-29/2009-01-04,3.582089552238806,0.987025739299997,67,0.6865671641791045
2009-01-05/2009-01-11,3.7115384615384617,1.035384525738512,52,0.6538461538461539
2009-01-12/2009-01-18,3.6458333333333335,1.1575760318456607,48,0.7083333333333334
2009-01-19/2009-01-25,3.84,0.9337219793353253,50,0.68
2009-01-26/2009-02-01,3.740740740740741,1.0494416338401946,54,0.7777777777777778
2009-02-02/2009-02-08,3.757575757575758,1.1734112405264998,33,0.6666666666666666
2009-02-09/2009-02-15,3.8076923076923075,1.1032654123717223,52,0.7115384615384616
2009-02-16/2009-02-22,3.7058823529411766,1.0558626512834661,85,0.6941176470588235
2009-02-23/2009-03-01,3.8,0.9880643635111419,60,0.8166666666666667
2009-03-02/2009-03-08,3.62,1.176122997871587,50,0.74
2009-03-09/2009-03-15,3.8902439024390243,1.0184240738013628,82,0.8170731707317073
2009-03-16/2009-03-22,3.7868852459016393,1.1563556848761352,61,0.7540983606557377
2009-03-23/2009-03-29,3.6233766233766236,1.1125948929247036,77,0.7792207792207793
2009-03-30/2009-04-05,3.710144927536232,1.1644419172664333,69,0.782608695652174
2009-04-06/2009-04-12,3.728395061728395,1.2551129996838168,81,0.6790123456790124
2009-04-13/2009-04-19,3.7,1.1688035313581382,60,0.7166666666666667
2009-04-20/2009-04-26,3.824561403508772,1.29728847735718,57,0.7719298245614035
2009-04-27/2009-05-03,3.8596491228070176,1.2311231296669733,57,0.7719298245614035
2009-05-04/2009-05-10,3.6530612244897958,1.1465713455080484,49,0.8367346938775511
2009-05-11/2009-05-17,3.659090909090909,1.3630195927234472,44,0.7045454545454546
2009-05-18/2009-05-24,3.7868852459016393,1.0818926949003254,61,0.7868852459016393
2009-05-25/2009-05-31,3.8,1.230249370458491,75,0.6933333333333334
2009-06-01/2009-06-07,3.7777777777777777,1.2756332323082429,63,0.6349206349206349
2009-06-08/2009-06-14,3.8656716417910446,1.254030138201216,67,0.7164179104477612
2009-06-15/2009-06-21,3.5846153846153848,1.248653120520113,65,0.7076923076923077
2009-06-22/2009-06-28,3.4901960784313726,1.2864299284392888,51,0.5490196078431373
2009-06-29/2009-07-05,3.814814814814815,1.1001556334853662,54,0.7222222222222222
2009-07-06/2009-07-12,3.7766990291262137,1.1283515551714685,103,0.7087378640776699
2009-07-13/2009-07-19,3.5591397849462365,1.067935488926484,93,0.6451612903225806
2009-07-20/2009-07-26,3.6231884057971016,1.237899659472617,69,0.7391304347826086
2009-07-27/2009-08-02,3.8133333333333335,1.1705084750184809,75,0.68
2009-08-03/2009-08-09,3.643835616438356,1.2623816007594826,73,0.7123287671232876
2009-08-10/2009-08-16,3.8676470588235294,1.1184265568760199,68,0.7352941176470589
2009-08-17/2009-08-23,3.757575757575758,1.1643500142615857,66,0.7727272727272727
2009-08-24/2009-08-30,3.8674698795180724,1.2373366789231304,83,0.7469879518072289
2009-08-31/2009-09-06,3.5492957746478875,1.317885019853143,71,0.7323943661971831
2009-09-07/2009-09-13,3.5765765765765765,1.1325718885435412,111,0.7477477477477478
2009-09-14/2009-09-20,3.735294117647059,0.907968818236758,68,0.7794117647058824
2009-09-21/2009-09-27,3.7228915662650603,1.1403171682458777,83,0.7710843373493976
2009-09-28/2009-10-04,3.736842105263158,1.3202870501284343,76,0.7631578947368421
2009-10-05/2009-10-11,3.982142857142857,1.136038914643515,56,0.8392857142857143
2009-10-12/2009-10-18,3.848101265822785,1.0388431385617556,79,0.810126582278481
2009-10-19/2009-10-25,3.7636363636363637,1.3188608491398701,55,0.7090909090909091
2009-10-26/2009-11-01,3.813953488372093,1.2199885626608373,43,0.7674418604651163
2009-11-02/2009-11-08,3.746031746031746,1.1354728156609328,63,0.7301587301587301
2009-11-09/2009-11-15,4.102564102564102,0.9677666039547418,39,0.8974358974358975
2009-11-16/2009-11-22,3.507042253521127,1.1196075771271659,71,0.8169014084507042
2009-11-23/2009-11-29,4.069767441860465,1.2227087189088335,43,0.813953488372093
2009-11-30/2009-12-06,3.9672131147540983,1.1396960576509585,61,0.7540983606557377
2009-12-07/2009-12-13,3.723076923076923,1.0826427779352636,65,0.7538461538461538
2009-12-14/2009-12-20,3.7333333333333334,1.36289077492212,30,0.7666666666666667
2009-12-21/2009-12-27,3.7636363636363637,1.0880433740611555,55,0.7090909090909091
2009-12-28/2010-01-03,3.6582278481012658,1.2898626039866643,79,0.6835443037974683
2010-01-04/2010-01-10,3.854368932038835,1.123787075902947,103,0.7281553398058253
2010-01-11/2010-01-17,3.8734177215189876,1.1587691149375718,79,0.7215189873417721
2010-01-18/2010-01-24,3.7875,1.2395767958909978,80,0.7125
2010-01-25/2010-01-31,3.8358208955223883,1.109149482033939,67,0.7611940298507462
2010-02-01/2010-02-07,3.74025974025974,1.1630562891138585,77,0.6883116883116883
2010-02-08/2010-02-14,4.055555555555555,1.0466430427045987,72,0.8472222222222222
2010-02-15/2010-02-21,3.7474747474747474,1.1004955687347326,99,0.7575757575757576
2010-02-22/2010-02-28,3.870967741935484,1.1250681762106773,93,0.8064516129032258
2010-03-01/2010-03-07,3.646153846153846,1.1915164868609829,65,0.7230769230769231
2010-03-08/2010-03-14,3.9692307692307693,1.1035345311944078,65,0.7538461538461538
2010-03-15/2010-03-21,3.8450704225352115,1.1910126222666115,71,0.7464788732394366
2010-03-22/2010-03-28,3.8125,1.114845167202802,80,0.7875
2010-03-29/2010-04-04,3.735294117647059,1.0893405270738126,102,0.7156862745098039
2010-04-05/2010-04-11,3.967391304347826,1.0530028955067183,92,0.8152173913043478
2010-04-12/2010-04-18,3.7653061224489797,1.2335601014460762,98,0.7959183673469388
2010-04-19/2010-04-25,3.7888888888888888,1.2675238574041277,90,0.7333333333333333
2010-04-26/2010-05-02,3.9722222222222223,1.1637703255868448,108,0.7777777777777778
2010-05-03/2010-05-09,3.6853932584269664,1.173529114349858,89,0.6741573033707865
2010-05-10/2010-05-16,3.577777777777778,1.1896348016506482,90,0.6666666666666666
2010-05-17/2010-05-23,3.8840579710144927,1.2026276812382641,138,0.7971014492753623
2010-05-24/2010-05-30,3.7714285714285714,1.2297216436702143,70,0.7857142857142857
2010-05-31/2010-06-06,3.7285714285714286,1.198577437030706,140,0.7714285714285715
2010-06-07/2010-06-13,3.9805825242718447,0.9899552626480382,103,0.8252427184466019
2010-06-14/2010-06-20,3.4411764705882355,1.1987908876497906,102,0.7156862745098039
2010-06-21/2010-06-27,3.7578947368421054,1.2091476642280603,95,0.7684210526315789
2010-06-28/2010-07-04,3.912,1.1982244929410646,125,0.72
2010-07-05/2010-07-11,3.5661764705882355,1.2864087587362645,136,0.6617647058823529
2010-07-12/2010-07-18,3.803921568627451,1.126100919507806,102,0.7549019607843137
2010-07-19/2010-07-25,3.8297872340425534,1.1971138937770238,94,0.7872340425531915
2010-07-26/2010-08-01,3.841666666666667,1.1151804566886887,120,0.7416666666666667
2010-08-02/2010-08-08,3.8629032258064515,1.177945554937075,124,0.782258064516129
2010-08-09/2010-08-15,3.7628205128205128,1.153464232353325,156,0.7307692307692307
2010-08-16/2010-08-22,3.7218045112781954,1.3671103314891389,133,0.6992481203007519
2010-08-23/2010-08-29,3.9305555555555554,1.1259977876847795,144,0.75
2010-08-30/2010-09-05,3.7941176470588234,1.2050901555700446,102,0.7745098039215687
2010-09-06/2010-09-12,3.7432432432432434,1.2184612891755493,148,0.7094594594594594
2010-09-13/2010-09-19,3.7628865979381443,1.2142658608212675,97,0.7319587628865979
2010-09-20/2010-09-26,3.6546762589928057,1.2259999185274777,139,0.697841726618705
2010-09-27/2010-10-03,3.908333333333333,1.0923402779872051,120,0.7833333333333333
2010-10-04/2010-10-10,3.6341463414634148,1.2164736235403102,123,0.7398373983739838
2010-10-11/2010-10-17,3.737864077669903,1.1878565722535508,103,0.7572815533980582
2010-10-18/2010-10-24,3.943396226415094,1.1026391602423302,106,0.8018867924528302
2010-10-25/2010-10-31,3.772277227722772,1.1565568565255397,101,0.7326732673267327
2010-11-01/2010-11-07,3.6973684210526314,1.0330503291012205,76,0.7236842105263158
2010-11-08/2010-11-14,3.7698412698412698,1.2909698581311553,126,0.746031746031746
2010-11-15/2010-11-21,3.9320388349514563,1.11374774419199,103,0.7669902912621359
2010-11-22/2010-11-28,3.723684210526316,1.312490601470109,76,0.6973684210526315
2010-11-29/2010-12-05,3.9174311926605503,1.1149525846667412,109,0.7706422018348624
2010-12-06/2010-12-12,3.8349514563106797,1.1971951482989747,103,0.7572815533980582
2010-12-13/2010-12-19,3.8615384615384616,1.1842313313512047,65,0.7076923076923077
2010-12-20/2010-12-26,3.8846153846153846,1.1950196350152278,78,0.7564102564102564
2010-12-27/2011-01-02,3.669172932330827,1.2834718806240748,133,0.7293233082706767
2011-01-03/2011-01-09,4.013986013986014,1.0680112753665365,143,0.8321678321678322
2011-01-10/2011-01-16,3.7410714285714284,1.2283845372799882,112,0.6964285714285714
2011-01-17/2011-01-23,3.8333333333333335,1.1268185753621434,132,0.7045454545454546
2011-01-24/2011-01-30,3.807142857142857,1.2285361738769245,140,0.7571428571428571
2011-01-31/2011-02-06,3.572649572649573,1.3216776128651622,117,0.7008547008547008
2011-02-07/2011-02-13,3.952755905511811,1.0378416837745184,127,0.8582677165354331
2011-02-14/2011-02-20,3.689655172413793,1.2288473364744603,174,0.7068965517241379
2011-02-21/2011-02-27,3.703125,1.2195573074595594,192,0.71875
2011-02-28/2011-03-06,3.9751552795031055,1.0951615780274513,161,0.7950310559006211
2011-03-07/2011-03-13,3.8613138686131387,1.1579805047113452,137,0.7883211678832117
2011-03-14/2011-03-20,3.880952380952381,1.1285895116091968,126,0.7222222222222222
2011-03-21/2011-03-27,3.8502673796791442,1.1864093443768966,187,0.7486631016042781
2011-03-28/2011-04-03,3.8203125,1.1801080542412372,128,0.78125
2011-04-04/2011-04-10,3.84070796460177,1.1065258669868496,113,0.7433628318584071
2011-04-11/2011-04-17,3.886904761904762,1.1603509444253,168,0.7857142857142857
2011-04-18/2011-04-24,3.818713450292398,1.2063072405414514,171,0.7602339181286549
2011-04-25/2011-05-01,3.7320261437908497,1.1471161549713331,153,0.7320261437908496
2011-05-02/2011-05-08,3.625,1.3457427770741495,128,0.734375
2011-05-09/2011-05-15,3.802197802197802,1.1391552576315567,182,0.7527472527472527
2011-05-16/2011-05-22,3.7902097902097904,1.1679592582438658,143,0.7622377622377622
2011-05-23/2011-05-29,3.6956521739130435,1.1814175306738772,138,0.717391304347826
2011-05-30/2011-06-05,3.7541899441340782,1.183178820391029,179,0.7486033519553073
2011-06-06/2011-06-12,3.9675324675324677,1.18497583422496,154,0.7727272727272727
2011-06-13/2011-06-19,3.7222222222222223,1.2817398889233118,162,0.7160493827160493
2011-06-20/2011-06-26,3.76,1.259264518056783,175,0.7428571428571429
2011-06-27/2011-07-03,3.758169934640523,1.208664681802813,153,0.7254901960784313
2011-07-04/2011-07-10,3.7126436781609193,1.346440788581635,174,0.6724137931034483
2011-07-11/2011-07-17,3.797872340425532,1.2545513908055075,188,0.723404255319149
2011-07-18/2011-07-24,3.905759162303665,1.091362414892182,191,0.7382198952879581
2011-07-25/2011-07-31,3.8780487804878048,1.2003904991918153,205,0.7560975609756098
2011-08-01/2011-08-07,3.75,1.3166369788714487,168,0.7202380952380952
2011-08-08/2011-08-14,3.734597156398104,1.3113741261932153,211,0.7345971563981043
2011-08-15/2011-08-21,3.642857142857143,1.2869633501238325,182,0.6923076923076923
2011-08-22/2011-08-28,3.6971830985915495,1.2771279648404714,142,0.7323943661971831
2011-08-29/2011-09-04,3.755813953488372,1.2606138531769777,172,0.7383720930232558
2011-09-05/2011-09-11,3.5542168674698793,1.2431924890396795,166,0.6686746987951807
2011-09-12/2011-09-18,3.825,1.078958267680556,160,0.74375
2011-09-19/2011-09-25,3.761627906976744,1.2120900324241703,172,0.7674418604651163
2011-09-26/2011-10-02,3.77027027027027,1.2238813834448106,148,0.7162162162162162
2011-10-03/2011-10-09,3.7286821705426356,1.3390291374752645,129,0.7364341085271318
2011-10-10/2011-10-16,3.817073170731707,1.239711511864759,164,0.7317073170731707
2011-10-17/2011-10-23,3.8597560975609757,1.145207110809965,164,0.7560975609756098
2011-10-24/2011-10-30,3.6825396825396823,1.3365675061188262,126,0.6984126984126984
2011-10-31/2011-11-06,3.7484662576687118,1.306883760698664,163,0.7300613496932515
2011-11-07/2011-11-13,3.791411042944785,1.1887018945885,163,0.7055214723926381
2011-11-14/2011-11-20,3.619047619047619,1.262381600759482,147,0.6462585034013606
2011-11-21/2011-11-27,3.7454545454545456,1.3233011517723026,110,0.6909090909090909
2011-11-28/2011-12-04,3.716535433070866,1.385283409174647,127,0.7086614173228346
2011-12-05/2011-12-11,3.918032786885246,1.2168932393356984,122,0.8032786885245902
2011-12-12/2011-12-18,3.846774193548387,1.2100148143869687,124,0.7580645161290323
2011-12-19/2011-12-25,3.5824175824175826,1.3421867237702811,91,0.7362637362637363
2011-12-26/2012-01-01,3.349726775956284,1.4965482011432316,183,0.6120218579234973
2012-01-02/2012-01-08,3.882978723404255,1.1868836017221174,188,0.776595744680851
2012-01-09/2012-01-15,3.814207650273224,1.166574444545407,183,0.7103825136612022
2012-01-16/2012-01-22,3.910179640718563,1.165913196594258,167,0.7604790419161677
2012-01-23/2012-01-29,3.7974683544303796,1.1878337274047794,158,0.7721518987341772
2012-01-30/2012-02-05,3.559748427672956,1.2096196439981646,159,0.6477987421383647
2012-02-06/2012-02-12,3.7578125,1.272025440182877,128,0.6796875
2012-02-13/2012-02-19,3.7103448275862068,1.3688866186476674,145,0.7310344827586207
2012-02-20/2012-02-26,3.7,1.3135916460423696,240,0.6958333333333333
2012-02-27/2012-03-04,3.8,1.2094304004328336,170,0.7470588235294118
2012-03-05/2012-03-11,3.7916666666666665,1.181885420357298,144,0.6944444444444444
2012-03-12/2012-03-18,3.7662337662337664,1.2720844290649043,154,0.7337662337662337
2012-03-19/2012-03-25,3.7626262626262625,1.2003456235420358,198,0.7070707070707071
2012-03-26/2012-04-01,3.884393063583815,1.2614311300128758,173,0.7630057803468208
2012-04-02/2012-04-08,3.872611464968153,1.254357096794198,157,0.7707006369426752
2012-04-09/2012-04-15,3.8177339901477834,1.3280227199600318,203,0.7339901477832512
2012-04-16/2012-04-22,3.872549019607843,1.1966420062747674,204,0.7745098039215687
2012-04-23/2012-04-29,3.5962732919254656,1.2766111486450054,161,0.6583850931677019
2012-04-30/2012-05-06,3.781609195402299,1.243947542305318,174,0.6896551724137931
2012-05-07/2012-05-13,3.9411764705882355,1.205047973966777,170,0.7529411764705882
2012-05-14/2012-05-20,3.689265536723164,1.132950704314979,177,0.7175141242937854
2012-05-21/2012-05-27,3.89375,1.251901070096266,160,0.75625
2012-05-28/2012-06-03,3.7213930348258706,1.171319789703582,201,0.6716417910447762
2012-06-04/2012-06-10,3.908256880733945,1.1116582407859334,218,0.7844036697247706
2012-06-11/2012-06-17,3.8207547169811322,1.1585018092004744,212,0.7169811320754716
2012-06-18/2012-06-24,3.7676767676767677,1.2889871900871583,198,0.7373737373737373
2012-06-25/2012-07-01,3.756476683937824,1.2779263886947012,193,0.694300518134715
2012-07-02/2012-07-08,3.7435897435897436,1.2611994165501235,234,0.7307692307692307
2012-07-09/2012-07-15,3.9025641025641025,1.1822325506681715,195,0.7538461538461538
2012-07-16/2012-07-22,3.884259259259259,1.2163737214139516,216,0.7685185185185185
2012-07-23/2012-07-29,3.863849765258216,1.203476965924872,213,0.7370892018779343
2012-07-30/2012-08-05,3.9,1.166326481015269,190,0.7631578947368421
2012-08-06/2012-08-12,3.732394366197183,1.3206389228310718,213,0.7370892018779343
2012-08-13/2012-08-19,3.6885245901639343,1.307724098080208,183,0.73224043715847
2012-08-20/2012-08-26,3.6581632653061225,1.3283823568642645,196,0.6887755102040817
2012-08-27/2012-09-02,3.7815533980582523,1.2359846532171819,206,0.7281553398058253
2012-09-03/2012-09-09,3.7661691542288556,1.2884291797548602,201,0.7412935323383084
2012-09-10/2012-09-16,3.77720207253886,1.325667459871573,193,0.7202072538860104
2012-09-17/2012-09-23,3.765432098765432,1.3071385935753717,162,0.691358024691358
2012-09-24/2012-09-30,3.875,1.234181345189746,168,0.7857142857142857
2012-10-01/2012-10-07,3.7245508982035926,1.3383350142417905,167,0.688622754491018
2012-10-08/2012-10-14,3.576388888888889,1.3617135498201494,144,0.6180555555555556
2012-10-15/2012-10-21,3.8086124401913874,1.2175489597004199,209,0.7320574162679426
2012-10-22/2012-10-28,3.883116883116883,1.2625736344179994,154,0.7532467532467533
2012-10-29/2012-11-04,3.8444444444444446,1.204378521310747,180,0.75
2012-11-05/2012-11-11,3.7845303867403315,1.1892964425399508,181,0.7458563535911602
2012-11-12/2012-11-18,3.771812080536913,1.2898816485051534,149,0.7248322147651006
2012-11-19/2012-11-25,3.8609271523178808,1.2438635246646514,151,0.7350993377483444
2012-11-26/2012-12-02,3.7364864864864864,1.2743491682177341,148,0.6959459459459459
2012-12-03/2012-12-09,3.6715328467153285,1.2667088495684098,137,0.6861313868613139
2012-12-10/2012-12-16,3.859259259259259,1.3167291166414552,135,0.7111111111111111
2012-12-17/2012-12-23,3.7049180327868854,1.4182314944106438,122,0.7049180327868853
2012-12-24/2012-12-30,3.731707317073171,1.2731178142756019,164,0.6829268292682927
2012-12-31/2013-01-06,3.6933333333333334,1.394888628426759,225,0.6844444444444444
2013-01-07/2013-01-13,3.751322751322751,1.2950646277149058,189,0.7037037037037037
2013-01-14/2013-01-20,3.8447204968944098,1.217369121359562,161,0.7018633540372671
2013-01-21/2013-01-27,3.531791907514451,1.4528943536807433,173,0.653179190751445
2013-01-28/2013-02-03,3.9343434343434343,1.1967520865162669,198,0.7525252525252525
2013-02-04/2013-02-10,3.6424242424242426,1.334127627417253,165,0.6787878787878788
2013-02-11/2013-02-17,3.8010471204188483,1.2574824275761145,191,0.7696335078534031
2013-02-18/2013-02-24,3.78988326848249,1.2818652432863316,257,0.7159533073929961
2013-02-25/2013-03-03,3.773480662983425,1.2376337350460367,181,0.7403314917127072
2013-03-04/2013-03-10,3.584795321637427,1.362351919284435,171,0.6900584795321637
2013-03-11/2013-03-17,3.8349514563106797,1.2771697931594082,206,0.7669902912621359
2013-03-18/2013-03-24,3.824074074074074,1.2224923356678277,216,0.75
2013-03-25/2013-03-31,3.7974137931034484,1.243995880263257,232,0.7456896551724138
2013-04-01/2013-04-07,3.647482014388489,1.337400406103478,278,0.6942446043165468
2013-04-08/2013-04-14,3.9411764705882355,1.218280540800798,204,0.7843137254901961
2013-04-15/2013-04-21,3.75,1.3244945127427725,176,0.7386363636363636
2013-04-22/2013-04-28,4.039647577092511,1.1379285088166706,227,0.8237885462555066
2013-04-29/2013-05-05,3.809917355371901,1.274154505028763,242,0.7272727272727273
2013-05-06/2013-05-12,3.8529411764705883,1.3235052639543465,204,0.7794117647058824
2013-05-13/2013-05-19,3.5635593220338984,1.4381527900504005,236,0.6610169491525424
2013-05-20/2013-05-26,3.9414893617021276,1.2673530945227467,188,0.7925531914893617
2013-05-27/2013-06-02,3.7985865724381624,1.2958190195040442,283,0.7385159010600707
2013-06-03/2013-06-09,3.736607142857143,1.2696170487010399,224,0.71875
2013-06-10/2013-06-16,3.7248677248677247,1.3362640873471183,189,0.6931216931216931
2013-06-17/2013-06-23,3.7373737373737375,1.344934913118492,198,0.702020202020202
2013-06-24/2013-06-30,3.7395833333333335,1.3823478901326816,192,0.6614583333333334
2013-07-01/2013-07-07,3.7588652482269502,1.3145812925262181,282,0.7092198581560284
2013-07-08/2013-07-14,3.739130434782609,1.2686887141452292,299,0.7190635451505016
2013-07-15/2013-07-21,3.7047970479704797,1.3721890646074584,271,0.6937269372693727
2013-07-22/2013-07-28,3.720833333333333,1.3480123804934947,240,0.7083333333333334
2013-07-29/2013-08-04,3.912350597609562,1.239470391977816,251,0.7609561752988048
2013-08-05/2013-08-11,3.9304347826086956,1.209292543773759,230,0.717391304347826
2013-08-12/2013-08-18,3.8976608187134505,1.2967567581845392,342,0.7514619883040936
2013-08-19/2013-08-25,3.853868194842407,1.2860293497135304,349,0.7478510028653295
2013-08-26/2013-09-01,3.801526717557252,1.347168720163187,262,0.7290076335877863
2013-09-02/2013-09-08,3.798076923076923,1.3565120372658304,312,0.7115384615384616
2013-09-09/2013-09-15,3.9363957597173145,1.2099691158283967,283,0.773851590106007
2013-09-16/2013-09-22,3.8823529411764706,1.2199223229628366,238,0.7605042016806722
2013-09-23/2013-09-29,3.8137651821862346,1.3606448709937702,247,0.7368421052631579
2013-09-30/2013-10-06,3.8597285067873304,1.25526452067502,221,0.751131221719457
2013-10-07/2013-10-13,3.7222222222222223,1.457472155292358,234,0.7051282051282052
2013-10-14/2013-10-20,3.811158798283262,1.3577538930738409,233,0.7639484978540773
2013-10-21/2013-10-27,3.8155737704918034,1.376912541448764,244,0.6926229508196722
2013-10-28/2013-11-03,4.052631578947368,1.1897419173751569,209,0.7703349282296651
2013-11-04/2013-11-10,3.9887640449438204,1.2459955287438802,267,0.7415730337078652
2013-11-11/2013-11-17,3.778242677824268,1.3492090149676994,239,0.7322175732217573
2013-11-18/2013-11-24,3.967741935483871,1.3066322868712468,217,0.7419354838709677
2013-11-25/2013-12-01,3.763392857142857,1.3367181238873886,224,0.7008928571428571
2013-12-02/2013-12-08,3.8551401869158877,1.2901019827111615,214,0.7242990654205608
2013-12-09/2013-12-15,3.7175925925925926,1.3567628164951848,216,0.7083333333333334
2013-12-16/2013-12-22,3.82,1.317680312911738,200,0.715
2013-12-23/2013-12-29,3.792727272727273,1.327949759604822,275,0.6981818181818182
2013-12-30/2014-01-05,3.8551136363636362,1.2581481388082802,352,0.7159090909090909
2014-01-06/2014-01-12,3.9609929078014185,1.2634626233732702,282,0.7624113475177305
2014-01-13/2014-01-19,3.871794871794872,1.3006334642725463,234,0.7863247863247863
2014-01-20/2014-01-26,3.7785467128027683,1.3173877108212435,289,0.7162629757785467
2014-01-27/2014-02-02,3.9365079365079363,1.3284867330676517,252,0.7579365079365079
2014-02-03/2014-02-09,3.952153110047847,1.1592469602747064,209,0.7320574162679426
2014-02-10/2014-02-16,3.920289855072464,1.3214955395812242,276,0.7391304347826086
2014-02-17/2014-02-23,3.7768595041322315,1.3347518442509245,363,0.6914600550964187
2014-02-24/2014-03-02,3.943661971830986,1.2284878112111375,284,0.7605633802816901
2014-03-03/2014-03-09,3.8137931034482757,1.3592497772836667,290,0.7517241379310344
2014-03-10/2014-03-16,3.8190476190476192,1.292661445381151,315,0.7111111111111111
2014-03-17/2014-03-23,3.8835616438356166,1.292379323486185,292,0.75
2014-03-24/2014-03-30,3.867507886435331,1.305338759113971,317,0.7413249211356467
2014-03-31/2014-04-06,3.7954545454545454,1.3746348480065034,308,0.7142857142857143
2014-04-07/2014-04-13,3.8452830188679243,1.2860802024061933,265,0.7283018867924528
2014-04-14/2014-04-20,3.8909774436090228,1.2646699112396678,266,0.7406015037593985
2014-04-21/2014-04-27,3.911439114391144,1.2470328320626431,271,0.7601476014760148
2014-04-28/2014-05-04,3.910204081632653,1.3459479105270469,245,0.7510204081632653
2014-05-05/2014-05-11,3.838709677419355,1.3299834145715905,279,0.7132616487455197
2014-05-12/2014-05-18,3.861290322580645,1.3353974522850773,310,0.7290322580645161
2014-05-19/2014-05-25,3.9866220735785953,1.2477449300171912,299,0.7558528428093646
2014-05-26/2014-06-01,3.9012345679012346,1.296386387683002,324,0.7438271604938271
2014-06-02/2014-06-08,3.8865248226950353,1.3183198548133772,282,0.7340425531914894
2014-06-09/2014-06-15,3.9732441471571907,1.2285555893671611,299,0.7792642140468228
2014-06-16/2014-06-22,3.9324324324324325,1.3537751968309735,296,0.7533783783783784
2014-06-23/2014-06-29,3.898550724637681,1.2311949141995868,345,0.7478260869565218
2014-06-30/2014-07-06,3.8885630498533725,1.2967894698451476,341,0.7712609970674487
2014-07-07/2014-07-13,3.9487951807228914,1.2915359109532496,332,0.7650602409638554
2014-07-14/2014-07-20,3.68974358974359,1.4155389704131391,390,0.6641025641025641
2014-07-21/2014-07-27,3.7621621621621624,1.4094822804261926,370,0.7
2014-07-28/2014-08-03,3.8176943699731902,1.3575785063718557,373,0.7238605898123325
2014-08-04/2014-08-10,3.87603305785124,1.3207036961589103,363,0.7327823691460055
2014-08-11/2014-08-17,3.893258426966292,1.3214842489985723,356,0.7471910112359551
2014-08-18/2014-08-24,3.912772585669782,1.3057057866326953,321,0.7227414330218068
2014-08-25/2014-08-31,3.830721003134796,1.342178523599439,319,0.7241379310344828
2014-09-01/2014-09-07,3.802857142857143,1.314888452084236,350,0.7057142857142857
2014-09-08/2014-09-14,4.049295774647887,1.1788924837235848,284,0.7394366197183099
2014-09-15/2014-09-21,3.9941176470588236,1.2385025634562339,340,0.788235294117647
2014-09-22/2014-09-28,3.8480243161094223,1.3325214680527881,329,0.7446808510638298
2014-09-29/2014-10-05,3.7740963855421685,1.394916568248296,332,0.7228915662650602
2014-10-06/2014-10-12,3.8229166666666665,1.3537517232576277,288,0.6979166666666666
2014-10-13/2014-10-19,3.865102639296188,1.296822725205978,341,0.7126099706744868
2014-10-20/2014-10-26,3.9022801302931596,1.3124198125629714,307,0.7328990228013029
2014-10-27/2014-11-02,3.8832684824902723,1.3614360158640686,257,0.7237354085603113
2014-11-03/2014-11-09,4.015686274509804,1.3040476884032142,255,0.7568627450980392
2014-11-10/2014-11-16,3.926470588235294,1.3316675782474414,340,0.7382352941176471
2014-11-17/2014-11-23,3.99375,1.324932718466847,320,0.74375
2014-11-24/2014-11-30,3.877245508982036,1.3059888224671754,334,0.7514970059880239
2014-12-01/2014-12-07,4.02991452991453,1.2614975062713154,234,0.7692307692307693
2014-12-08/2014-12-14,3.982532751091703,1.2634020678734355,229,0.74235807860262
2014-12-15/2014-12-21,3.9910714285714284,1.3359166464846906,224,0.75
2014-12-22/2014-12-28,3.8136882129277567,1.3561715343798,263,0.7338403041825095
2014-12-29/2015-01-04,3.9565217391304346,1.3196387642265095,414,0.7318840579710145
2015-01-05/2015-01-11,3.925595238095238,1.323879284924378,336,0.7410714285714286
2015-01-12/2015-01-18,3.9467455621301775,1.35751717436261,338,0.7485207100591716
2015-01-19/2015-01-25,3.929919137466307,1.300912255360169,371,0.7331536388140162
2015-01-26/2015-02-01,3.8905775075987843,1.3593183261508772,329,0.7021276595744681
2015-02-02/2015-02-08,3.8689138576779025,1.2896522597965006,267,0.7191011235955056
2015-02-09/2015-02-15,3.874617737003058,1.3744595448914927,327,0.7400611620795107
2015-02-16/2015-02-22,3.9081419624217117,1.2458787679749193,479,0.732776617954071
2015-02-23/2015-03-01,3.917847025495751,1.2953342449259089,353,0.7563739376770539
2015-03-02/2015-03-08,3.969798657718121,1.321574649909867,298,0.7248322147651006
2015-03-09/2015-03-15,3.8823529411764706,1.3765788200291045,374,0.7245989304812834
2015-03-16/2015-03-22,3.8672566371681416,1.322346118241253,339,0.7197640117994101
2015-03-23/2015-03-29,3.9914529914529915,1.3103700229590096,351,0.7521367521367521
2015-03-30/2015-04-05,3.875894988066826,1.3882164208261532,419,0.7541766109785203
2015-04-06/2015-04-12,3.9879518072289155,1.2557442723057703,332,0.7650602409638554
2015-04-13/2015-04-19,3.909090909090909,1.3237808551251045,352,0.7471590909090909
2015-04-20/2015-04-26,3.9365079365079363,1.3135452164831873,378,0.7566137566137566
2015-04-27/2015-05-03,3.9068493150684933,1.3309841817492938,365,0.7589041095890411
2015-05-04/2015-05-10,4.041131105398458,1.2936620903083982,389,0.7789203084832905
2015-05-11/2015-05-17,3.892638036809816,1.2881021594558808,326,0.7576687116564417
2015-05-18/2015-05-24,3.9592326139088727,1.293759944625892,417,0.7410071942446043
2015-05-25/2015-05-31,3.815068493150685,1.3597857449561042,438,0.728310502283105
2015-06-01/2015-06-07,3.97275204359673,1.313785171403987,367,0.7438692098092643
2015-06-08/2015-06-14,3.8668730650154797,1.3504951263599367,323,0.7275541795665634
2015-06-15/2015-06-21,3.8542274052478134,1.3341131165627482,343,0.7288629737609329
2015-06-22/2015-06-28,3.896457765667575,1.3711163684709562,367,0.7193460490463215
2015-06-29/2015-07-05,3.8618925831202047,1.3761169817302552,391,0.6930946291560103
2015-07-06/2015-07-12,4.030373831775701,1.3134194249811577,428,0.7757009345794392
2015-07-13/2015-07-19,3.9742268041237114,1.3036841733637659,388,0.7628865979381443
2015-07-20/2015-07-26,4.011111111111111,1.30524421461548,450,0.7355555555555555
2015-07-27/2015-08-02,3.8325991189427313,1.3756616172944696,454,0.73568281938326
2015-08-03/2015-08-09,3.9598214285714284,1.330486434160866,448,0.7633928571428571
2015-08-10/2015-08-16,3.9168765743073046,1.3373584386070498,397,0.7355163727959698
2015-08-17/2015-08-23,3.9341463414634146,1.3389244590857885,410,0.7463414634146341
2015-08-24/2015-08-30,3.9737470167064437,1.2419224343635662,419,0.7517899761336515
2015-08-31/2015-09-06,3.986013986013986,1.3112704155160657,429,0.7435897435897436
2015-09-07/2015-09-13,3.9696261682242993,1.3240746317388312,428,0.7523364485981309
2015-09-14/2015-09-20,3.8842794759825328,1.2953939713377864,458,0.74235807860262
2015-09-21/2015-09-27,3.972081218274112,1.3083144697115159,394,0.7436548223350253
2015-09-28/2015-10-04,3.9902912621359223,1.2805499550841597,412,0.7718446601941747
2015-10-05/2015-10-11,3.8459302325581395,1.383823981380885,344,0.7209302325581395
2015-10-12/2015-10-18,3.8442211055276383,1.3526182358844414,398,0.7085427135678392
2015-10-19/2015-10-25,4.021164021164021,1.2676663408821494,378,0.7592592592592593
2015-10-26/2015-11-01,3.92987012987013,1.3121095584997824,385,0.7454545454545455
2015-11-02/2015-11-08,4.096354166666667,1.2696856129375529,384,0.7786458333333334
2015-11-09/2015-11-15,3.8478964401294498,1.3908923752865086,309,0.7637540453074434
2015-11-16/2015-11-22,3.9220779220779223,1.3507506299338445,308,0.75
2015-11-23/2015-11-29,3.953125,1.3922049841414654,320,0.759375
2015-11-30/2015-12-06,3.9166666666666665,1.3537919386820185,288,0.7361111111111112
2015-12-07/2015-12-13,4.00711743772242,1.2983310236120105,281,0.7686832740213523
2015-12-14/2015-12-20,3.9491525423728815,1.32767159508923,295,0.7694915254237288
2015-12-21/2015-12-27,3.7679180887372015,1.4096274039352037,293,0.6825938566552902
2015-12-28/2016-01-03,3.8898163606010017,1.375081560244285,599,0.7262103505843072
2016-01-04/2016-01-10,4.023094688221709,1.1880666806928997,433,0.7413394919168591
2016-01-11/2016-01-17,3.932668329177057,1.3501685495594435,401,0.7406483790523691
2016-01-18/2016-01-24,3.9301075268817205,1.3718215365088304,372,0.739247311827957
2016-01-25/2016-01-31,3.81767955801105,1.4063241124366939,362,0.7044198895027625
2016-02-01/2016-02-07,3.964959568733154,1.3421890896646973,371,0.7547169811320755
2016-02-08/2016-02-14,4.022784810126582,1.376742031423636,395,0.7746835443037975
2016-02-15/2016-02-21,3.994186046511628,1.2763590192034566,516,0.748062015503876
2016-02-22/2016-02-28,3.9310344827586206,1.369011536366208,348,0.7270114942528736
2016-02-29/2016-03-06,3.919667590027701,1.4187928751336496,361,0.7313019390581718
2016-03-07/2016-03-13,3.8933333333333335,1.4044746418529042,375,0.728
2016-03-14/2016-03-20,3.9460916442048517,1.4208123227377731,371,0.738544474393531
2016-03-21/2016-03-27,4.104368932038835,1.254201829260939,412,0.7839805825242718
2016-03-28/2016-04-03,3.891089108910891,1.3115330381481212,404,0.7252475247524752
2016-04-04/2016-04-10,4.020785219399538,1.3148131583090081,433,0.7390300230946882
2016-04-11/2016-04-17,3.9402173913043477,1.3046602516482133,368,0.7146739130434783
2016-04-18/2016-04-24,3.8857142857142857,1.322211828206754,420,0.7428571428571429
2016-04-25/2016-05-01,3.9037974683544303,1.3910010854742454,395,0.739240506329114
2016-05-02/2016-05-08,3.994708994708995,1.3449871741565684,378,0.7566137566137566
2016-05-09/2016-05-15,4.038461538461538,1.3365885502779133,416,0.7836538461538461
2016-05-16/2016-05-22,4.0,1.3076978665095809,408,0.7475490196078431
2016-05-23/2016-05-29,4.028103044496487,1.281561880365779,427,0.7822014051522248
2016-05-30/2016-06-05,3.9721189591078065,1.324867292034217,538,0.7565055762081785
2016-06-06/2016-06-12,4.0204545454545455,1.3112583369325788,440,0.7522727272727273
2016-06-13/2016-06-19,3.8129675810473818,1.3919164563458486,401,0.7206982543640897
2016-06-20/2016-06-26,4.1331444759206795,1.2462924671707283,353,0.7762039660056658
2016-06-27/2016-07-03,3.968944099378882,1.3879551225381324,483,0.7515527950310559
2016-07-04/2016-07-10,3.935064935064935,1.3642888448468022,462,0.7316017316017316
2016-07-11/2016-07-17,3.9789473684210526,1.3546213085689802,475,0.7410526315789474
2016-07-18/2016-07-24,3.89237668161435,1.3598034232663707,446,0.726457399103139
2016-07-25/2016-07-31,4.077083333333333,1.3021164052863314,480,0.7645833333333333
2016-08-01/2016-08-07,3.8582089552238807,1.4429447502377917,402,0.7164179104477612
2016-08-08/2016-08-14,4.130434782608695,1.2403649693438357,460,0.7869565217391304
2016-08-15/2016-08-21,4.00845665961945,1.2554678489844868,473,0.7505285412262156
2016-08-22/2016-08-28,3.9824120603015074,1.366085145863313,398,0.7437185929648241
2016-08-29/2016-09-04,3.9420289855072466,1.409590718724833,414,0.7391304347826086
2016-09-05/2016-09-11,4.0,1.2596733145955465,364,0.7554945054945055
2016-09-12/2016-09-18,4.022277227722772,1.3594622942199224,404,0.7797029702970297
2016-09-19/2016-09-25,3.9857549857549857,1.3637435608634414,351,0.7606837606837606
2016-09-26/2016-10-02,4.017441860465116,1.3764950513342022,344,0.747093023255814
2016-10-03/2016-10-09,3.944954128440367,1.402243135398702,327,0.7431192660550459
2016-10-10/2016-10-16,4.036516853932584,1.2984555081932523,356,0.7584269662921348
2016-10-17/2016-10-23,4.015625,1.3021827287036831,320,0.753125
2016-10-24/2016-10-30,4.15358361774744,1.2442865827471887,293,0.78839590443686
2016-10-31/2016-11-06,3.953125,1.414542555964022,320,0.71875
2016-11-07/2016-11-13,4.022364217252396,1.3092905821318201,313,0.7507987220447284
2016-11-14/2016-11-20,3.9338235294117645,1.3485113064601888,272,0.7720588235294118
2016-11-21/2016-11-27,3.914373088685015,1.3652147030893085,327,0.746177370030581
2016-11-28/2016-12-04,3.943396226415094,1.339736228188729,318,0.7138364779874213
2016-12-05/2016-12-11,3.943396226415094,1.3982550589338811,265,0.7169811320754716
2016-12-12/2016-12-18,3.9773584905660377,1.3621842849999202,265,0.7584905660377359
2016-12-19/2016-12-25,4.077702702702703,1.2903984903343138,296,0.7702702702702703
2016-12-26/2017-01-01,3.80794701986755,1.443854378465309,453,0.7130242825607064
2017-01-02/2017-01-08,4.012437810945274,1.312645014855737,402,0.7437810945273632
2017-01-09/2017-01-15,3.953929539295393,1.3230983093958457,369,0.7289972899728997
2017-01-16/2017-01-22,4.120234604105572,1.2438914048870886,341,0.7917888563049853
2017-01-23/2017-01-29,3.9277456647398843,1.3090472712299142,346,0.7543352601156069
2017-01-30/2017-02-05,3.885204081632653,1.302991034502359,392,0.7448979591836735
2017-02-06/2017-02-12,3.953038674033149,1.3564268457878081,362,0.7458563535911602
2017-02-13/2017-02-19,3.9443037974683546,1.3202586690335085,395,0.739240506329114
2017-02-20/2017-02-26,4.006976744186047,1.2999722695333955,430,0.7488372093023256
2017-02-27/2017-03-05,3.958448753462604,1.3440989663690226,361,0.7174515235457064
2017-03-06/2017-03-12,4.017492711370262,1.2772126125650567,343,0.7696793002915452
2017-03-13/2017-03-19,3.9249394673123486,1.367686306762461,413,0.7191283292978208
2017-03-20/2017-03-26,4.035714285714286,1.2808844450756793,392,0.75
2017-03-27/2017-04-02,3.9775,1.3290634952612645,400,0.7425
2017-04-03/2017-04-09,4.035087719298246,1.291934911852852,456,0.7587719298245614
2017-04-10/2017-04-16,3.937360178970917,1.3871981027446167,447,0.7293064876957495
2017-04-17/2017-04-23,3.9618834080717487,1.3627071684060417,446,0.7533632286995515
2017-04-24/2017-04-30,4.0,1.3392579264696531,408,0.7573529411764706
2017-05-01/2017-05-07,4.0487179487179485,1.2767189219204091,390,0.7666666666666667
2017-05-08/2017-05-14,4.065727699530516,1.308937264854603,426,0.7746478873239436
2017-05-15/2017-05-21,3.8974358974358974,1.3982835325583363,468,0.7243589743589743
2017-05-22/2017-05-28,4.04679802955665,1.2939658986084366,406,0.7487684729064039
2017-05-29/2017-06-04,3.9698275862068964,1.3255893071558764,464,0.7370689655172413
2017-06-05/2017-06-11,3.912240184757506,1.3732439350460297,433,0.7344110854503464
2017-06-12/2017-06-18,3.862144420131291,1.442095133420097,457,0.7221006564551422
2017-06-19/2017-06-25,3.967935871743487,1.3499122193296027,499,0.7535070140280561
2017-06-26/2017-07-02,3.7755102040816326,1.495259121827705,490,0.6979591836734694
2017-07-03/2017-07-09,4.024475524475524,1.3310631639821728,572,0.7447552447552448
2017-07-10/2017-07-16,4.1069182389937104,1.2698401687714342,477,0.7861635220125787
2017-07-17/2017-07-23,3.986013986013986,1.3289691774342582,429,0.7482517482517482
2017-07-24/2017-07-30,4.058441558441558,1.3477884817685688,462,0.7792207792207793
2017-07-31/2017-08-06,3.976905311778291,1.3538089725175193,433,0.74364896073903
2017-08-07/2017-08-13,4.039823008849558,1.3026352157031684,452,0.7765486725663717
2017-08-14/2017-08-20,4.067961165048544,1.269228828241588,412,0.7597087378640777
2017-08-21/2017-08-27,4.0,1.320024906365276,366,0.7540983606557377
2017-08-28/2017-09-03,4.036319612590799,1.3076095489676207,413,0.7288135593220338
2017-09-04/2017-09-10,3.953125,1.3755447239807335,512,0.7421875
2017-09-11/2017-09-17,4.016431924882629,1.3345058363003064,426,0.7464788732394366
2017-09-18/2017-09-24,3.9465811965811968,1.3614960044989697,468,0.7371794871794872
2017-09-25/2017-10-01,3.947494033412888,1.3667662291714517,419,0.7183770883054893
2017-10-02/2017-10-08,4.042857142857143,1.3174327492344877,420,0.7642857142857142
2017-10-09/2017-10-15,4.1070615034168565,1.2695665939175231,439,0.7995444191343963
2017-10-16/2017-10-22,3.9873737373737375,1.3769686654155846,396,0.7348484848484849
2017-10-23/2017-10-29,4.076294277929155,1.3609139489886448,367,0.7574931880108992
2017-10-30/2017-11-05,3.880108991825613,1.4283667883556368,367,0.7138964577656676
2017-11-06/2017-11-12,4.092307692307692,1.2833488918021383,390,0.7897435897435897
2017-11-13/2017-11-19,3.904040404040404,1.4252279723072119,396,0.7348484848484849
2017-11-20/2017-11-26,3.8836565096952906,1.3855540141514209,361,0.7008310249307479
2017-11-27/2017-12-03,4.037542662116041,1.3119407232640667,293,0.7815699658703071
2017-12-04/2017-12-10,4.038314176245211,1.249025555933578,261,0.7586206896551724
2017-12-11/2017-12-17,4.0227272727272725,1.2692159354928896,176,0.7272727272727273
2017-12-18/2017-12-24,4.0476190476190474,1.4633052472144712,210,0.7619047619047619
2017-12-25/2017-12-31,4.068111455108359,1.3169953899328568,323,0.7708978328173375
2018-01-01/2018-01-07,4.102409638554217,1.3603336984969292,332,0.7710843373493976
2018-01-08/2018-01-14,3.9345454545454546,1.4101066613146713,275,0.7418181818181818
2018-01-15/2018-01-21,4.156716417910448,1.2886974965569167,268,0.7910447761194029
2018-01-22/2018-01-28,4.065573770491803,1.3507898817258397,305,0.7704918032786885
2018-01-29/2018-02-04,4.0,1.3183395500890782,314,0.767515923566879
2018-02-05/2018-02-11,4.085798816568047,1.238012950752151,338,0.7781065088757396
2018-02-12/2018-02-18,4.03125,1.3537931984230027,416,0.7644230769230769
2018-02-19/2018-02-25,4.046153846153846,1.3271625712057042,390,0.764102564102564
2018-02-26/2018-03-04,4.088154269972452,1.286542180717316,363,0.7796143250688705
2018-03-05/2018-03-11,4.048022598870056,1.3675556820097647,354,0.7627118644067796
2018-03-12/2018-03-18,4.101190476190476,1.281975532177996,336,0.7827380952380952
2018-03-19/2018-03-25,3.9887640449438204,1.3798908470608036,356,0.7415730337078652
2018-03-26/2018-04-01,4.075520833333333,1.3234280747424605,384,0.7734375
2018-04-02/2018-04-08,4.105263157894737,1.2948590674052074,475,0.7789473684210526
2018-04-09/2018-04-15,4.07852193995381,1.3414080617243922,433,0.7829099307159353
2018-04-16/2018-04-22,4.10561797752809,1.285781526158085,445,0.7842696629213484
2018-04-23/2018-04-29,3.9347826086956523,1.3495733331298019,368,0.7527173913043478
2018-04-30/2018-05-06,3.938189845474614,1.3683118237685437,453,0.7284768211920529
2018-05-07/2018-05-13,4.252777777777778,1.2644674991194158,360,0.7944444444444444
2018-05-14/2018-05-20,4.050228310502283,1.2932627543828923,438,0.7420091324200914
2018-05-21/2018-05-27,4.038095238095238,1.3568446445618148,420,0.7666666666666667
2018-05-28/2018-06-03,4.028112449799197,1.3513585277894973,498,0.7349397590361446
2018-06-04/2018-06-10,3.845102505694761,1.4378025553248717,439,0.7084282460136674
2018-06-11/2018-06-17,3.88631090487239,1.4365893348716092,431,0.6867749419953596
2018-06-18/2018-06-24,3.9978858350951376,1.3427440644188233,473,0.7293868921775899
2018-06-25/2018-07-01,4.202247191011236,1.3064270724061642,445,0.8179775280898877
2018-07-02/2018-07-08,3.973929236499069,1.385987315334007,537,0.7467411545623837
2018-07-09/2018-07-15,4.114893617021276,1.31076870354851,470,0.7595744680851064
2018-07-16/2018-07-22,4.080550098231827,1.3024034762340306,509,0.7642436149312377
2018-07-23/2018-07-29,4.052631578947368,1.3650458082851178,494,0.757085020242915
2018-07-30/2018-08-05,4.098837209302325,1.3350824870524436,516,0.7732558139534884
2018-08-06/2018-08-12,4.006072874493927,1.4077313192847454,494,0.7469635627530364
2018-08-13/2018-08-19,4.012631578947368,1.4171375815922056,475,0.7389473684210527
2018-08-20/2018-08-26,4.062770562770563,1.350808911408363,462,0.7554112554112554
2018-08-27/2018-09-02,4.030092592592593,1.3730998651469533,432,0.7384259259259259
2018-09-03/2018-09-09,4.08315565031983,1.3474865250246166,469,0.744136460554371
2018-09-10/2018-09-16,4.082644628099174,1.2933325205534203,363,0.768595041322314
2018-09-17/2018-09-23,4.105022831050229,1.3145628170366062,438,0.771689497716895
2018-09-24/2018-09-30,3.9787735849056602,1.477017762612773,424,0.7334905660377359
2018-10-01/2018-10-07,4.117241379310345,1.3207146941534846,435,0.7839080459770115
2018-10-08/2018-10-14,4.098870056497175,1.3417881055432463,354,0.7711864406779662
2018-10-15/2018-10-21,4.067885117493472,1.3500387690236666,383,0.7597911227154047
2018-10-22/2018-10-28,3.972568578553616,1.3571092940180698,401,0.7356608478802993
2018-10-29/2018-11-04,4.077433628318584,1.3436966442839609,452,0.7699115044247787
2018-11-05/2018-11-11,4.074666666666666,1.3989198787258954,375,0.768
2018-11-12/2018-11-18,4.123359580052494,1.354526621270452,381,0.7900262467191601
2018-11-19/2018-11-25,3.84297520661157,1.4622785394745752,363,0.699724517906336
2018-11-26/2018-12-02,4.045092838196286,1.345039568498351,377,0.7612732095490716
2018-12-03/2018-12-09,4.062678062678063,1.3738590930254848,351,0.7492877492877493
2018-12-10/2018-12-16,4.08125,1.3412756525694294,320,0.778125
2018-12-17/2018-12-23,3.990740740740741,1.3549270509446232,324,0.75
2018-12-24/2018-12-30,3.847058823529412,1.4850344824227022,425,0.6941176470588235
2018-12-31/2019-01-06,3.9019607843137254,1.423282433839056,510,0.7156862745098039
2019-01-07/2019-01-13,4.002695417789758,1.3566625430178263,371,0.7304582210242587
2019-01-14/2019-01-20,3.8144927536231883,1.4367756377501053,345,0.7072463768115942
2019-01-21/2019-01-27,4.064665127020786,1.29295578721513,433,0.7736720554272517
2019-01-28/2019-02-03,3.9974747474747474,1.431116652400641,396,0.7348484848484849
2019-02-04/2019-02-10,4.005633802816901,1.379827153257045,355,0.7211267605633803
2019-02-11/2019-02-17,4.009280742459397,1.4092409939892867,431,0.7563805104408353
2019-02-18/2019-02-24,3.975609756097561,1.4082296067771074,492,0.733739837398374
2019-02-25/2019-03-03,4.105,1.3069987046799576,400,0.7775
2019-03-04/2019-03-10,4.1035422343324255,1.3286105514891597,367,0.7629427792915532
2019-03-11/2019-03-17,4.116580310880829,1.256416142090207,386,0.7668393782383419
2019-03-18/2019-03-24,4.068601583113456,1.3629802768286647,379,0.7572559366754618
2019-03-25/2019-03-31,3.9776785714285716,1.3739155053771057,448,0.7633928571428571
2019-04-01/2019-04-07,4.172494172494172,1.2836457200731917,429,0.7808857808857809
2019-04-08/2019-04-14,3.9251870324189526,1.4472004102512621,401,0.7107231920199502
2019-04-15/2019-04-21,4.042035398230088,1.3616552202658438,452,0.7477876106194691
2019-04-22/2019-04-28,4.007042253521127,1.4381187656423902,426,0.7535211267605634
2019-04-29/2019-05-05,4.025280898876405,1.402987227422322,356,0.7331460674157303
2019-05-06/2019-05-12,3.972568578553616,1.4306451816960852,401,0.743142144638404
2019-05-13/2019-05-19,3.9816933638443937,1.412471926254062,437,0.7482837528604119
2019-05-20/2019-05-26,3.9565217391304346,1.430570240782318,414,0.7246376811594203
2019-05-27/2019-06-02,3.900900900900901,1.4171153414011155,444,0.713963963963964
2019-06-03/2019-06-09,4.089058524173028,1.377556020985695,393,0.7557251908396947
2019-06-10/2019-06-16,3.9287531806615776,1.4196193520592528,393,0.7073791348600509
2019-06-17/2019-06-23,4.089715536105033,1.2870148234363668,457,0.7461706783369803
2019-06-24/2019-06-30,4.06776180698152,1.3523062607940322,487,0.784394250513347
2019-07-01/2019-07-07,4.051851851851852,1.3556369965160637,540,0.7648148148148148
2019-07-08/2019-07-14,4.024948024948025,1.3766661297168725,481,0.7401247401247402
2019-07-15/2019-07-21,4.051282051282051,1.39356700072413,507,0.747534516765286
2019-07-22/2019-07-28,4.121848739495798,1.3033824604177862,476,0.7584033613445378
2019-07-29/2019-08-04,4.040425531914893,1.4427466659825872,470,0.7425531914893617
2019-08-05/2019-08-11,4.023404255319149,1.4117558161441452,470,0.7510638297872341
2019-08-12/2019-08-18,4.085011185682327,1.346619729984681,447,0.7539149888143176
2019-08-19/2019-08-25,4.108433734939759,1.2948434351551996,415,0.7662650602409639
2019-08-26/2019-09-01,4.086448598130841,1.332182623749126,428,0.764018691588785
2019-09-02/2019-09-08,3.9214145383104126,1.3909554451026322,509,0.7131630648330058
2019-09-09/2019-09-15,4.10233918128655,1.3035234550306956,342,0.7894736842105263
2019-09-16/2019-09-22,3.96514745308311,1.424202207245822,373,0.7211796246648794
2019-09-23/2019-09-29,4.015113350125945,1.3724464993889414,397,0.7329974811083123
2019-09-30/2019-10-06,3.943283582089552,1.4267781091094145,335,0.7164179104477612
2019-10-07/2019-10-13,3.903954802259887,1.400864224632444,354,0.7062146892655368
2019-10-14/2019-10-20,3.9627659574468086,1.4454330132332953,376,0.7287234042553191
2019-10-21/2019-10-27,3.923076923076923,1.4498583616187937,325,0.7261538461538461
2019-10-28/2019-11-03,3.9278688524590164,1.4006731402799297,305,0.7311475409836066
2019-11-04/2019-11-10,3.98159509202454,1.4399674895391497,326,0.7239263803680982
2019-11-11/2019-11-17,3.935483870967742,1.4698745896497127,341,0.7272727272727273
2019-11-18/2019-11-24,4.0493421052631575,1.3670568569867527,304,0.756578947368421
2019-11-25/2019-12-01,4.002949852507375,1.4005462270714881,339,0.7404129793510325
2019-12-02/2019-12-08,3.9929328621908127,1.365722557991047,283,0.7455830388692579
2019-12-09/2019-12-15,4.027863777089784,1.3360147770482478,323,0.7678018575851393
2019-12-16/2019-12-22,4.166666666666667,1.2909944487358054,276,0.8007246376811594
2019-12-23/2019-12-29,3.8753894080996885,1.513497167494033,321,0.6947040498442367
2019-12-30/2020-01-05,3.9829787234042553,1.4201292996383568,470,0.7574468085106383
2020-01-06/2020-01-12,4.050632911392405,1.3512955258386286,316,0.7531645569620253
2020-01-13/2020-01-19,3.8722222222222222,1.3925010286621446,360,0.7111111111111111
2020-01-20/2020-01-26,3.8608923884514437,1.421292310936115,381,0.6929133858267716
2020-01-27/2020-02-02,4.0588235294117645,1.4240006242195888,289,0.7647058823529411
2020-02-03/2020-02-09,4.040247678018575,1.3992863977532037,323,0.7492260061919505
2020-02-10/2020-02-16,3.9770408163265305,1.427527477527852,392,0.7142857142857143
2020-02-17/2020-02-23,3.9155844155844157,1.474076638229784,462,0.7251082251082251
2020-02-24/2020-03-01,3.8133333333333335,1.5512931995140107,300,0.7
2020-03-02/2020-03-08,4.099125364431487,1.3274318273145445,343,0.7638483965014577
2020-03-09/2020-03-15,4.003731343283582,1.361586798261934,268,0.7388059701492538
2020-03-16/2020-03-22,4.201612903225806,1.3613708938883853,124,0.7741935483870968
2020-03-23/2020-03-29,4.296296296296297,1.216025297226025,135,0.8148148148148148
2020-03-30/2020-04-05,4.153846153846154,1.3747437668173594,117,0.7863247863247863
2020-04-06/2020-04-12,4.12280701754386,1.4521290495639452,114,0.7631578947368421
2020-04-13/2020-04-19,4.166666666666667,1.4011162848449867,114,0.7543859649122807
2020-04-20/2020-04-26,4.058333333333334,1.4511417315100454,120,0.7333333333333333
2020-04-27/2020-05-03,3.9788732394366195,1.5039819952292741,142,0.7183098591549296
2020-05-04/2020-05-10,4.02906976744186,1.504097038603822,172,0.7267441860465116
2020-05-11/2020-05-17,3.986111111111111,1.5005179111073625,144,0.6875
2020-05-18/2020-05-24,4.034682080924855,1.4422848223582418,173,0.7341040462427746
2020-05-25/2020-05-31,4.123595505617978,1.4417529904228594,267,0.7602996254681648
2020-06-01/2020-06-07,3.9949748743718594,1.558610775617365,199,0.7185929648241206
2020-06-08/2020-06-14,3.828358208955224,1.5288786588878707,268,0.6753731343283582
2020-06-15/2020-06-21,4.095744680851064,1.3608858503083463,282,0.7659574468085106
2020-06-22/2020-06-28,4.242774566473988,1.2871797464833954,346,0.791907514450867
2020-06-29/2020-07-05,4.1894409937888195,1.3801486436028847,322,0.7857142857142857
2020-07-06/2020-07-12,4.105113636363637,1.4052311663653887,352,0.7471590909090909
2020-07-13/2020-07-19,4.145510835913313,1.367503268203339,323,0.7585139318885449
2020-07-20/2020-07-26,4.257142857142857,1.3208241141669392,350,0.7942857142857143
2020-07-27/2020-08-02,4.244047619047619,1.2929061274671398,336,0.7916666666666666
2020-08-03/2020-08-09,4.059459459459459,1.4489430704438462,370,0.7378378378378379
2020-08-10/2020-08-16,3.9690721649484537,1.4938537869877444,388,0.7087628865979382
2020-08-17/2020-08-23,4.085287846481877,1.40252251847541,469,0.7356076759061834
2020-08-24/2020-08-30,4.125592417061611,1.3701462393087849,422,0.7748815165876777
2020-08-31/2020-09-06,4.258581235697941,1.2559768306003454,437,0.7917620137299771
2020-09-07/2020-09-13,4.2092050209205025,1.2812790860086187,478,0.7698744769874477
2020-09-14/2020-09-20,4.117647058823529,1.3798812985869637,391,0.7723785166240409
2020-09-21/2020-09-27,4.046568627450981,1.4332958840036472,408,0.7598039215686274
2020-09-28/2020-10-04,4.21505376344086,1.301870620685737,372,0.7849462365591398
2020-10-05/2020-10-11,3.986595174262735,1.4245665025137215,373,0.7238605898123325
2020-10-12/2020-10-18,4.207792207792208,1.2198196410576263,385,0.7714285714285715
2020-10-19/2020-10-25,4.1737891737891735,1.339934817603198,351,0.7891737891737892
2020-10-26/2020-11-01,3.9448275862068964,1.4754240975897337,290,0.7103448275862069
2020-11-02/2020-11-08,4.234375,1.2858305136050654,320,0.8125
2020-11-09/2020-11-15,4.26875,1.2630354787929179,320,0.815625
2020-11-16/2020-11-22,4.292857142857143,1.244321459068027,280,0.8285714285714286
2020-11-23/2020-11-29,4.238390092879257,1.2715764691595144,323,0.7770897832817337
2020-11-30/2020-12-06,4.1490066225165565,1.3788804524981768,302,0.7748344370860927
2020-12-07/2020-12-13,4.214912280701754,1.3447062110489196,228,0.8157894736842105
2020-12-14/2020-12-20,4.040697674418604,1.4803095856841049,172,0.7034883720930233
2020-12-21/2020-12-27,4.046511627906977,1.5454594033625926,129,0.7441860465116279
2020-12-28/2021-01-03,4.055776892430279,1.3582623067816852,251,0.749003984063745
2021-01-04/2021-01-10,4.098591549295775,1.4090837004358214,213,0.7417840375586855
2021-01-11/2021-01-17,3.9948453608247423,1.423334123730719,194,0.7268041237113402
2021-01-18/2021-01-24,4.005263157894737,1.4235263183583078,190,0.7368421052631579
2021-01-25/2021-01-31,4.146198830409356,1.408681129617274,171,0.7777777777777778
2021-02-01/2021-02-07,4.221649484536083,1.3647468822708941,194,0.7731958762886598
2021-02-08/2021-02-14,4.137254901960785,1.3649419541103744,306,0.7679738562091504
2021-02-15/2021-02-21,4.110824742268041,1.3774058455162035,388,0.7577319587628866
2021-02-22/2021-02-28,4.123076923076923,1.338560193545061,260,0.7307692307692307
2021-03-01/2021-03-07,3.966887417218543,1.4301788496898848,302,0.7350993377483444
2021-03-08/2021-03-14,4.114114114114114,1.3858837201345309,333,0.7477477477477478
2021-03-15/2021-03-21,4.222972972972973,1.2983480818486026,296,0.7972972972972973
2021-03-22/2021-03-28,4.118556701030927,1.3319240534336738,388,0.7551546391752577
2021-03-29/2021-04-04,4.0843091334894615,1.3694905594691285,427,0.7564402810304449
2021-04-05/2021-04-11,4.077951002227172,1.3937613828187079,449,0.7416481069042317
2021-04-12/2021-04-18,4.085399449035813,1.374946123585258,363,0.7327823691460055
2021-04-19/2021-04-25,4.1155015197568385,1.3520658789436935,329,0.7781155015197568
2021-04-26/2021-05-02,4.071428571428571,1.3607473002984718,364,0.7445054945054945
2021-05-03/2021-05-09,4.034090909090909,1.4238414684663905,352,0.7130681818181818
2021-05-10/2021-05-16,4.15606936416185,1.3292389173969044,346,0.7832369942196532
2021-05-17/2021-05-23,3.9953917050691246,1.4352786851164172,434,0.7327188940092166
2021-05-24/2021-05-30,4.022038567493113,1.4353697922477648,363,0.7355371900826446
2021-05-31/2021-06-06,3.9659574468085106,1.4317860669349132,470,0.7404255319148936
2021-06-07/2021-06-13,3.8891625615763545,1.4470167824079345,406,0.6995073891625616
2021-06-14/2021-06-20,3.9308755760368665,1.4432500109761621,434,0.7188940092165899
2021-06-21/2021-06-27,4.011848341232228,1.4399630160645862,422,0.7227488151658767
2021-06-28/2021-07-04,3.9879518072289155,1.4403935981108114,415,0.7397590361445783
2021-07-05/2021-07-11,4.011520737327189,1.4166140520791768,434,0.7396313364055299
2021-07-12/2021-07-18,3.9932279909706545,1.4197855965638644,443,0.7313769751693002
2021-07-19/2021-07-25,4.0120481927710845,1.4520847573745075,415,0.7132530120481928
2021-07-26/2021-08-01,3.987562189054726,1.442961946627369,402,0.7412935323383084
2021-08-02/2021-08-08,3.949760765550239,1.4259877943488959,418,0.7105263157894737
2021-08-09/2021-08-15,4.0588235294117645,1.412986381990828,374,0.7727272727272727
2021-08-16/2021-08-22,4.072,1.3573487841837608,375,0.7386666666666667
2021-08-23/2021-08-29,3.9916201117318435,1.4270053071370077,358,0.7178770949720671
2021-08-30/2021-09-05,4.045070422535211,1.3770504723869914,355,0.7408450704225352
2021-09-06/2021-09-12,3.9645569620253163,1.3902340648235552,395,0.7291139240506329
2021-09-13/2021-09-19,3.897727272727273,1.48910399819177,352,0.7017045454545454
2021-09-20/2021-09-26,4.044642857142857,1.44173440030522,336,0.7291666666666666
2021-09-27/2021-10-03,4.03921568627451,1.4412305895807573,306,0.7516339869281046
2021-10-04/2021-10-10,3.9472049689440993,1.4318392029233562,322,0.7142857142857143
2021-10-11/2021-10-17,3.893700787401575,1.5194781729340812,254,0.7204724409448819
2021-10-18/2021-10-24,3.984520123839009,1.388643603601582,323,0.7430340557275542
2021-10-25/2021-10-31,4.012987012987013,1.4490792263290613,231,0.7272727272727273
2021-11-01/2021-11-07,3.927797833935018,1.4200377070400565,277,0.7148014440433214
2021-11-08/2021-11-14,3.8796296296296298,1.4189185647389537,324,0.7037037037037037
2021-11-15/2021-11-21,4.1482758620689655,1.3677250299482104,290,0.7689655172413793
2021-11-22/2021-11-28,3.909090909090909,1.4678470855736931,308,0.7012987012987013
2021-11-29/2021-12-05,4.012658227848101,1.3356519923714185,316,0.7436708860759493
2021-12-06/2021-12-12,4.124087591240876,1.3611310502260303,274,0.781021897810219
2021-12-13/2021-12-19,4.047008547008547,1.402760775726942,234,0.7393162393162394
2021-12-20/2021-12-26,4.0606060606060606,1.4129093882053156,264,0.7727272727272727
2021-12-27/2022-01-02,3.991825613079019,1.372022834369277,367,0.7193460490463215
2022-01-03/2022-01-09,4.076923076923077,1.3989006672823758,351,0.7407407407407407
2022-01-10/2022-01-16,4.270175438596492,1.2163737542211246,285,0.8035087719298246
2022-01-17/2022-01-23,4.124137931034483,1.3585263596013886,145,0.7655172413793103
