business_id,review_count,avg_rating,avg_sentiment
--onnLZrsCazmcy2P_7fcw,7,3.0,0.5714285714285714
-8iATYRnN46Km0_-ldx6cg,166,4.240963855421687,0.8313253012048193
-9r8nAzWyRSLxBWt8uQOdA,343,3.0495626822157433,0.521865889212828
-ALqLSTzkGDMscHdxA1NgA,29,4.344827586206897,0.8275862068965517
-BdYhP-12elmFV7oB1iv4A,44,4.795454545454546,0.9090909090909091
-CoZunWzch6HzMaM34dOEQ,5,3.6,0.6
-FM4CxOg4XXmX_Ebky_SiQ,1434,4.204323570432357,0.8145048814504882
-FRHYI6doGCjIsXiKHkUqw,106,2.641509433962264,0.39622641509433965
-Fka99c-tJ-epWYNIobqyQ,180,3.5722222222222224,0.6388888888888888
-H-fZonTLitwHFY_PLAIjA,198,3.8535353535353534,0.7171717171717171
-I7M6l0h46VdiN09Y1NUZw,255,4.6117647058823525,0.8862745098039215
-Lwq2vdrQolANLzEbYMPpQ,22,4.181818181818182,0.8636363636363636
-M7wzxpUsdSkQd9PDGsJWA,54,3.962962962962963,0.7222222222222222
-SS3ep20HKhuOhzDkkt9aA,204,3.8186274509803924,0.6911764705882353
-TArOdux8Z4oH-jIM1FJuQ,63,3.4285714285714284,0.5714285714285714
-TSPsir3LSLO9vVBkvkqUw,60,3.4166666666666665,0.6166666666666667
-VvMsFD0W2nQuO9buaeC1g,144,4.291666666666667,0.8958333333333334
-e8RwknT5szoLk9uBZjzcw,122,4.098360655737705,0.8278688524590164
-fxH1XplVLVtWg2ZJWwRdA,88,4.4772727272727275,0.8636363636363636
-ipZBVF9nWm1vzrvQ3444A,136,3.8308823529411766,0.7647058823529411
-jrT-2bTSDaqJtzHRpY9ag,55,3.727272727272727,0.6181818181818182
-kOUmMiIimNSBIDdFN0x-Q,654,3.58868501529052,0.672782874617737
-kY_HDP7IMvGl-kBIZVU4A,330,4.1030303030303035,0.7909090909090909
-kfHz1kimX62QEceFkkB_g,413,3.641646489104116,0.7167070217917676
-loV4cB2Uh9TCltTRgGzWQ,386,4.2072538860103625,0.7979274611398963
-nwNPb3G-0L95igrhkvMtw,49,2.63265306122449,0.3469387755102041
-r6nmLB5Vi2TLQCxh0_dtw,221,4.226244343891403,0.8099547511312217
-ujBP1Dw0j1-Ffaz97-LXQ,243,4.0699588477366255,0.7983539094650206
04Ss49U_QKYLotcJMAH8cA,100,3.95,0.72
06pNHtxgPhGhZpM0Z2uzNw,569,3.4007029876977155,0.6362038664323374
07yUvKzFb-yPzJKoT0zamQ,7,3.0,0.42857142857142855
0LXeNx7wGTqbMSwKkGC3xg,25,3.88,0.8
0Qs-G8Xs-mz-jmQH5lez5A,23,4.478260869565218,0.9130434782608695
0RxU5OglQyPVtLKC1LPgsA,511,4.555772994129159,0.8786692759295499
0WrdiQ4qJBu2Gc7wRcIfdw,1037,3.957569913211186,0.7743490838958534
0YI4tyK4MrTAveuj2js4OA,24,4.416666666666667,0.8333333333333334
0ac5lGA_0wdKDnib3y59Xg,440,4.1863636363636365,0.7477272727272727
0c28ysQJ_M1fVToTFV-FWQ,44,4.0227272727272725,0.6818181818181818
0cWnURpfrb4MqKSzyVN4SQ,155,4.2064516129032254,0.864516129032258
0f0l62WKla-j2cfnPn7P2Q,73,3.684931506849315,0.6164383561643836
0iHHsSqphxrBWWecYEJcuQ,72,4.638888888888889,0.9444444444444444
0iLgVQpBeIYYwQZIblTTVw,10,3.8,0.8
0it-2gWk_gyuZyEMQzBBuQ,243,3.8559670781893005,0.7325102880658436
0m0SQSIzM9WcDhJ7UEVCLQ,32,4.1875,0.8125
0mUVD5sDXZjd66XwATN8XA,106,3.990566037735849,0.7358490566037735
0nR7jHCkFEzmA1n2b5g1nw,65,4.276923076923077,0.7692307692307693
0qu0fNTOsSmuREYVIMPuIQ,1036,4.2847490347490345,0.833011583011583
0tbscjPg4IzURekIn_CJ1Q,153,4.124183006535947,0.7450980392156863
0yD-SZAfjpH36-o7_pospw,15,3.8666666666666667,0.8
11RNOheZvab_FDcLtsZUug,8,3.0,0.0
12Gc4OFQ-WAW0fAk2hRZuQ,25,5.0,0.96
18eWJFJbXyR9j_5xfcRLYA,470,4.2957446808510635,0.8680851063829788
1Du1NruqJwxnzgEUHc42Jw,213,4.535211267605634,0.8732394366197183
1FURjeGJi_LBXcJQg8eskw,910,4.341758241758241,0.8802197802197802
1J0NIfmrSuV72KzhmYFxMA,80,3.9875,0.725
1ONK4BD8Fuh1mfBCrB2aOQ,18,4.111111111111111,0.7222222222222222
1U8Kt44FIkC7RnJsNjaMTA,35,4.628571428571429,0.8857142857142857
1cYZIJM5P3yOsIjq8qxoSw,7,3.5714285714285716,0.5714285714285714
1hRWfuA-8THwYsDYgj-oIg,49,2.5510204081632653,0.3469387755102041
1kVnChI4aqsPw9i2PVqkkw,282,3.8900709219858154,0.7624113475177305
1l4-uhraQzNiRjppKyMUUQ,117,4.495726495726496,0.9145299145299145
1lwulkAD5htni3rbHW8oeg,12,2.8333333333333335,0.4166666666666667
1oGCzoCC6HnQWpdK9cCP0g,94,4.76595744680851,0.9361702127659575
1pYZMmpdy2MviWBbagMwbA,6,4.333333333333333,0.8333333333333334
1pd4VYTww1UWDVai2r2RKg,254,3.1850393700787403,0.5118110236220472
1rC0hBT49gVljFQYTIGIaA,166,3.7590361445783134,0.7168674698795181
1xsBRB203LiYLcC3mktfdA,171,3.9005847953216373,0.7543859649122807
2-cH9tqCu3yHRJJoKTYjHw,11,4.545454545454546,0.8181818181818182
22q2wGlAmJN8MkhZl2RzRw,34,1.9411764705882353,0.29411764705882354
23OxrUaCvvVrwSa1z3xG-w,131,4.343511450381679,0.8625954198473282
27zlxlmlQu9KBr5Vj4MGeg,814,4.3906633906633905,0.8378378378378378
29YqJwOGEuAWqlHZxMc1OA,292,3.51027397260274,0.6643835616438356
29t8lDBLiwkEd1HA356dOw,393,3.849872773536896,0.7150127226463104
2DBo3WFKwpbtl9kJzuroIg,32,2.46875,0.34375
2N9WHETHcYJsfYpHQ-qN_A,163,3.6134969325153374,0.6441717791411042
2OJqIloZMAZXCW3uzF8jJw,38,3.789473684210526,0.5789473684210527
2QaNH5-RCRNIkToUOBc22Q,26,4.115384615384615,0.8846153846153846
2QvkOHC-pWGiAmvQ9xX64Q,94,4.351063829787234,0.8404255319148937
2RtyOlU9mwyVisvgOECaDA,218,3.9908256880733943,0.6926605504587156
2T7622XwGOhJf7O4ND_XBA,55,3.4,0.5454545454545454
2WHu0k5VVM1Pn9AFzkSBlA,111,3.6396396396396398,0.6936936936936937
2Y0L3Hf6U-76jGvviKy5pA,117,3.1709401709401708,0.5726495726495726
2YnQAJdeFrcgPa8MqIYcDg,308,3.675324675324675,0.698051948051948
2YoQRByvTjdP4GSVnPcANA,52,2.9038461538461537,0.4423076923076923
2aP9wvEqpGLLDVpWTWlAog,133,4.2481203007518795,0.8345864661654135
2bl6G1zgXUHbMGwEocqMSg,162,4.833333333333333,0.9753086419753086
2h3SEwpI6fiuTF9mcN1S_Q,87,4.137931034482759,0.7816091954022989
2nF2syYoD5VBFk01le6NkA,32,4.28125,0.875
2pBNVsJo3a3CPbInUu9lvQ,134,2.8208955223880596,0.4925373134328358
2rv-W-PBYciHvOhruq8rlg,15,3.533333333333333,0.6666666666666666
2swMZVA832zkmdPBrddPRQ,238,4.226890756302521,0.8445378151260504
2xxkaRy7rP5EUyjFt2J5kA,576,4.295138888888889,0.8263888888888888
3-dQbvti2EpSfs9jKcyIjQ,31,2.903225806451613,0.4838709677419355
304FY8qhcOpm9SIkrzmhoQ,62,4.629032258064516,0.9032258064516129
34Eqv8jXgxg_EEwcsNgeeg,670,4.250746268656717,0.8313432835820895
3DSgJFIaXjdknbZn3LSnPQ,125,4.432,0.888
3ESm27p4DACKCpzZmiRxgw,5,3.8,0.6
3RtMd3VZ21WL5auDr6Jp9A,28,3.8214285714285716,0.75
3VrqxApK-iwfRohlAuIt0g,114,4.12280701754386,0.7368421052631579
3Wy21heeDm8h2tSZfcj6OA,1534,4.394393741851369,0.8520208604954368
3XjwPkcbuhssRwZKnoYOyQ,21,4.0476190476190474,0.8095238095238095
3bZADX_g9efvqGXaAY7Kbg,195,3.8923076923076922,0.7025641025641025
3cnjGli5iwGsUF06Dne9Yg,5,4.6,1.0
3czlT5lRF9uKmGZ2rknJqA,9,4.0,0.6666666666666666
3fH5YQKRJu55TFPnMhv1ZQ,33,3.5757575757575757,0.6060606060606061
3fpAmsSuEFNF29UUPpgwlw,300,4.73,0.9433333333333334
3lty2YUwjp61iUqNgKVEMw,185,3.3675675675675674,0.5675675675675675
3rzlcCvPUJ56jvYWl7iGvA,54,4.574074074074074,0.9259259259259259
3tvi-OJ_-iK1ecjzSaH-oA,223,4.36322869955157,0.8251121076233184
3xJ_6qxRA0sdUm3ThCPiCw,282,3.8156028368794326,0.6666666666666666
425FOxIzHPcOB0niWc6-1w,100,3.5,0.6
42cHjHD6Kkv7Ms3-lLsimw,74,2.445945945945946,0.3783783783783784
45D7B9CqiUTTPUFcqmLx5Q,267,4.322097378277154,0.8726591760299626
45Ut-AN8h3c88-pYTrGBnA,161,3.7950310559006213,0.6086956521739131
49Sy1N3MTnK6Eslh1tgZQQ,12,3.6666666666666665,0.75
4D7QDfPOsSPfKxBi3gs_qQ,640,4.0390625,0.75625
4F3wxihvRNXK9cuxlOOJBg,159,3.6792452830188678,0.6918238993710691
4FdsX3MbkcdBRAr1aymF6A,77,4.441558441558442,0.8571428571428571
4IqrY1mXK65HgrrgkpE-cw,86,4.72093023255814,0.9186046511627907
4KAuy-zNBxD9QvnkldwEww,47,3.9148936170212765,0.7872340425531915
4NozMd-0ufrS7sUZ95948w,271,4.387453874538745,0.9077490774907749
4VW4_ghjdYw0Wl40Voa9cw,246,3.4065040650406506,0.5975609756097561
4a_3ninzpidm2MwMcdRJ-g,85,2.788235294117647,0.4235294117647059
4ejnTeRzv8z102DBIWjQLg,122,3.778688524590164,0.6475409836065574
4h4Uskb7B8OTI7oDR7wImQ,110,3.881818181818182,0.7272727272727273
4haTJpBzX-7ilN77LWAIDw,10,3.5,0.6
4kfbEcAMepvkjt3H7INYBg,351,4.584045584045584,0.9116809116809117
4lWMnL-wLekry77FwaruSQ,10,2.2,0.4
4sOLSCiwSdHhzcXC9Sd0xQ,23,4.130434782608695,0.9130434782608695
4uspKB1d3pGdgjOClA-UkQ,236,4.1059322033898304,0.8135593220338984
4xBkP-W_WaOzBiP8yD7yvg,54,3.8518518518518516,0.7962962962962963
4yBeWUqxuru02oZccjDN7Q,12,4.333333333333333,0.8333333333333334
4z2Frpficc3NqHkGfpMXJQ,116,3.189655172413793,0.5086206896551724
52ov7d0148JvYG78_c-Bsw,236,4.211864406779661,0.7923728813559322
5B-m3Nir02zheQnEGopV0w,147,3.761904761904762,0.7414965986394558
5GUA13zYgw4_8F6qUMU_LA,63,4.317460317460317,0.8412698412698413
5RsVAkDnMrcSbErS6P1eew,266,4.353383458646617,0.9060150375939849
5YKOs_VGFHgUv7DSMLaQeA,5,2.8,0.6
5Z3uvoIoOFUzTmrBmIJv2g,38,3.0526315789473686,0.5263157894736842
5ZXMarIwfGjOxo9KD5oFQQ,5,4.0,0.8
5dGu7C1UEPLs_FIj_Qin0g,5,3.6,0.8
5kZFpY6mXiNZzZcotXbfVA,54,4.0,0.7777777777777778
5lGOPqwxBNR9hfA9mFr2vA,140,4.292857142857143,0.8285714285714286
5p_14QRkLFd6QyhpPzfW3A,26,2.8076923076923075,0.46153846153846156
5pyYBpuNOAqgN9nSpk8vaQ,69,2.782608695652174,0.4927536231884058
5t5fKwgnfaT-ScmfTcxwHg,66,4.378787878787879,0.8787878787878788
5tVPbd0gJZHyEEWpXW7vCg,37,3.4864864864864864,0.6216216216216216
5tkZfqkwx6axbN9P5UlC8w,34,2.5588235294117645,0.4117647058823529
5uNCvNy9L6peKeKP1RRPyg,386,3.2875647668393784,0.5466321243523317
5vIfUavd23X3lBzjnnc4QA,21,3.0952380952380953,0.6190476190476191
5vObJIHLO-QOMrw_MvC4rA,849,4.168433451118964,0.8209658421672555
64Rl3pT4Md4-8ckeaNVZCQ,284,3.3028169014084505,0.5492957746478874
69_5ZefofuhXv2ymn-xc9A,158,4.1645569620253164,0.8481012658227848
6E9KjyDAdL_vDQCWwhj_KA,269,3.6951672862453533,0.7100371747211895
6EPPtwJR1kdIfHiCjzCzuw,481,3.318087318087318,0.577962577962578
6EizP0XyqITuGZ8GZMI9Lw,1104,4.491847826086956,0.8804347826086957
6HKIfenWg3zt2CYx4D5r_Q,6,3.3333333333333335,0.6666666666666666
6HTGlttrzCMsuGBHO1ZGiw,422,4.395734597156398,0.8341232227488151
6KtMnjvgO1F79P7tCnEKOA,33,3.8181818181818183,0.7878787878787878
6MXO883UaicdJuobFkKJUw,92,3.4565217391304346,0.5978260869565217
6RBZfirnzE4NahJTn1UPNA,1802,4.005549389567148,0.7119866814650389
6RBrYMiAf8jFJI4fDoQpcw,6,3.0,0.6666666666666666
6TciI6uBdrd8z1av1YleLg,212,3.650943396226415,0.6886792452830188
6VVbLYay8czrjKJ4xRoTxQ,114,4.2631578947368425,0.868421052631579
6aUb_f9C7a2oOxaIfRGSdA,119,4.184873949579832,0.7478991596638656
6acxMT_WGbA-cUN5RXpIfw,18,4.777777777777778,0.9444444444444444
6afesz8yZhjOgijkWl4jig,78,3.4358974358974357,0.5641025641025641
6kPHr6gZaU9732ptn9gJrA,132,4.128787878787879,0.7878787878787878
6smGb7xv5fDbBsLgW1WC2w,189,3.7195767195767195,0.708994708994709
72yw_QJwkKEjpa7CumQCeQ,25,2.68,0.36
748Tn5Hsf4LMCCA_WxVBfA,29,2.6206896551724137,0.3793103448275862
7Bu1EQENC0M77VcU-jxATA,27,3.185185185185185,0.48148148148148145
7IdIGemGZodDAA_9mJCigA,263,4.079847908745247,0.7566539923954373
7grEnJV48N6BxbEP3uxISA,21,4.190476190476191,0.8095238095238095
7kLn2XsFwyJ-yFn4qx40TQ,35,4.714285714285714,0.9142857142857143
7o-p4IlitJ-SbSCZ84vHqQ,10,4.5,0.9
7oPREWTlY8RIMfwT1R0YYw,70,3.857142857142857,0.7428571428571429
7tO1ZfWN6OEo1pWtdgxfqA,11,4.0,0.6363636363636364
7wSnkgOORRCqVDa_n8Upxg,515,4.223300970873787,0.8349514563106796
7wcHZ80HLJVwUijAH_efJQ,213,3.408450704225352,0.6244131455399061
7yR4oQcapZBKCkRLB3Isig,183,2.5737704918032787,0.3825136612021858
8BUr8GviR2o_b-brO21wwQ,12,2.25,0.25
8FgcWn7bdMC-TMrE4Q3xMg,48,3.2916666666666665,0.5625
8JzURExziDYuCrd7Ve9nDQ,44,4.409090909090909,0.8863636363636364
8Lbz0hfE4MWzd7yDu9atBA,157,4.872611464968153,0.9745222929936306
8MQNb0Cnkfq-G1OIViukjQ,221,3.9683257918552037,0.7058823529411765
8MoqZqlNN9AXzG91_Hpc_Q,291,4.085910652920962,0.8178694158075601
8RlO6NuhWzXktp-1croq5A,244,3.7540983606557377,0.6967213114754098
8Vo6LN9gqULhXzoxj5k6kQ,1012,4.380434782608695,0.825098814229249
8WltHaNG6wD1d4h3LE_zaA,129,3.9689922480620154,0.8527131782945736
8_r9EZL6vX5fPBoVh3gUrA,329,4.009118541033435,0.7537993920972644
8qGe4GQYyZstFhYa0rvpIg,59,1.9152542372881356,0.13559322033898305
8r_n8JdKQ0gePm2neSkL7A,232,3.0129310344827585,0.4870689655172414
92Z2WFvC86Qy3TOI-oBGVg,27,4.0,0.7407407407407407
95NWdx75Gwy4r_IGGuCnmQ,25,4.0,0.76
9CBW1G-JR9ioTgwFTK6kbQ,12,3.8333333333333335,0.8333333333333334
9D1Vuxuh-hvwkYBrqje1nA,64,3.46875,0.671875
9Ekfby4OgzWs96RO8M4tnQ,5,4.4,0.8
9JR9Ht6IX1r2jPPG689JyA,19,2.473684210526316,0.3684210526315789
9JaoQxrPpDfQ_vbZFgSXIw,16,4.4375,0.9375
9L-MR0arflwFMF9szEBOOg,7,4.428571428571429,0.7142857142857143
9MsMKG0v3NstaPqKGYFVOw,39,4.6923076923076925,0.8974358974358975
9RDKqyqXJcupSnA2vCIs_A,89,3.865168539325843,0.7415730337078652
9Ujw_PoR_Vv67gf4vsAk-g,54,3.074074074074074,0.48148148148148145
9_uigKs9GCwg9dFKkq_Kfg,74,2.6621621621621623,0.35135135135135137
9dp3hVDlQ0VtjPW_7ISoXg,263,3.3954372623574143,0.6007604562737643
9fJziJ3o9-QXKuKolg7yEA,150,3.7066666666666666,0.6733333333333333
9h0i4lVC5eCVhRTanWsEAg,272,3.676470588235294,0.6764705882352942
9jEv_7tueRJdV5CZwVcwPg,133,4.142857142857143,0.7744360902255639
9kfN12wVGnKo54AaRjz0vQ,181,4.524861878453039,0.8342541436464088
9u79dIXLQzmt9rnOZEnBaQ,313,3.8849840255591053,0.7412140575079872
9uJuBPIQyrC0v9pVv3JKRQ,180,2.3555555555555556,0.28888888888888886
9ugpNKKhnYRa51qXoxUw_A,1246,4.432584269662922,0.8756019261637239
9xW7LsJpyhVZFRb6z9xorg,179,4.128491620111732,0.7877094972067039
A263bVzMdU_-TIMhewOrjQ,257,4.171206225680934,0.8093385214007782
A2slwG21Uulatt357w58PA,103,3.8155339805825244,0.7475728155339806
ALMuGwPnbAVc4SIbcmQmcA,10,3.3,0.6
AQw0B8j9QV1RkFLLFiwkuw,337,3.833827893175074,0.7151335311572701
AV3XPH1iv8PKSO6mrnYgLg,38,4.2631578947368425,0.8421052631578947
AXC__4yZrn-N3BT7-2bV_Q,104,4.1923076923076925,0.7884615384615384
Aes-0Q_guDeYewMapFs_vg,517,3.0696324951644103,0.5454545454545454
Af_vfa_cMTsDlTvfnIBM2w,66,3.5606060606060606,0.6363636363636364
AgVekFXqwt4Y1HxfQcpyiw,149,4.147651006711409,0.825503355704698
AgiBcv5rKdV9QIO5yF7w8g,5,3.6,0.8
Aj44kUBmEfJlUsGCvKJKtw,21,2.9047619047619047,0.47619047619047616
Ak4vFqHZUWU5KXONRnuieQ,167,4.203592814371257,0.8083832335329342
Ak_vHsHsYRP928VHVRL_tQ,82,2.4146341463414633,0.2804878048780488
AmAc0eD6lyVyb7QdOAO1Mg,140,3.5428571428571427,0.6428571428571429
AodOl1tvAKi6QHKCnyWwng,31,2.838709677419355,0.5483870967741935
AqOSpSqdocwtIjqTECW2ng,5,5.0,1.0
ArIXofDAcFztX8Ry0_81sw,10,2.7,0.7
AzZqXglv_puXwd4kCvM7ew,98,3.9285714285714284,0.7346938775510204
B1yPXzIIJrLWyTcE4jsYuQ,322,3.5962732919254656,0.6335403726708074
B2Mpi0gW4-oFFVKkDpIxvg,241,3.663900414937759,0.6556016597510373
B3dzK9OqrT_sN0FNQs_OgQ,52,4.019230769230769,0.7307692307692307
B3kpvT4oLJdQmU9lPnxdKA,269,3.412639405204461,0.5947955390334573
BBBT3Mogjo3hPPA0de--Dw,10,2.5,0.3
BErYojCJSO959vzaz9JclQ,586,4.348122866894198,0.8839590443686007
BEzvmorW8ILha6tcSxBBwA,69,4.434782608695652,0.7971014492753623
BHZZFNH4wu5VAq_JypqjiQ,68,3.6176470588235294,0.7352941176470589
BVzFvRrgMpL62oPIqGvLMg,360,4.227777777777778,0.8138888888888889
BZq27sUTa_hruRKXr1x54g,69,4.478260869565218,0.855072463768116
B_q2xoAgTyn6U4YNEc3kSw,356,3.401685393258427,0.598314606741573
BaWVwChTW_MqkKru_WZp3g,282,4.117021276595745,0.7943262411347518
Bm-NlFiZWMCwmmz9B_rlCA,256,4.13671875,0.8359375
BseHdXex5Od2Or_TyUIoWQ,13,3.8461538461538463,0.7692307692307693
Btm9ODncqCqYsnpawaHioA,170,4.011764705882353,0.7411764705882353
BwUWmUFKCuJ-nN9vFwMt2Q,371,3.8787061994609164,0.7115902964959568
ByKCIpZWHYUTuCJcoZ-ONQ,91,3.78021978021978,0.7472527472527473
C-aATB7SbuwMBPN5dgjghQ,132,3.1515151515151514,0.5303030303030303
C-zgOpqD2K0xDJU4ty7zKg,60,4.3,0.8666666666666667
C5x1e9G5lwcfZ54_6bMbNA,41,3.073170731707317,0.4878048780487805
C6AiAF35zwpAoK5jjm-nhA,38,3.5,0.7368421052631579
C9_UPkwXYx9B3fxNLkCHgA,8,2.875,0.5
CF1Gj1KGL13QcDkUwOvS3g,41,3.682926829268293,0.6585365853658537
CLlnfxaYPTVLKE4VR-U1Yg,74,4.202702702702703,0.8108108108108109
COSC9JC0Vjr89CaTZuPkUA,481,4.08939708939709,0.7713097713097713
CTmAWi-W8_Id00EjHF5Uwg,134,3.2686567164179103,0.5074626865671642
CUWituEeIX3xA0xU7X82Ow,367,4.11716621253406,0.784741144414169
CYwC5OjwCN6ib_AQDxi3Ow,230,3.9565217391304346,0.7260869565217392
Ce6B2-CYAjGvRZe3GKyxYA,130,2.9384615384615387,0.5076923076923077
Ch6O9z9_hHDACROLTr2JUQ,48,4.291666666666667,0.9375
CkENBnSJFfPA1hY0qrqfCg,750,3.652,0.684
CoZ2mpsMBP8HUG1ymKoZTg,982,4.231160896130346,0.8340122199592668
CrWrO6KT5KKg_EdhAgKsaw,56,3.625,0.6785714285714286
CuRjZOmfnXjefwEpyzmTTw,61,4.819672131147541,0.9508196721311475
CwL56LgcMz7Bvi4xODHVSw,145,3.4275862068965517,0.6206896551724138
CziOtnFSklimJnBgksDDwA,1097,3.3701002734731085,0.609845031905196
D-1BoOczhXGgwhBOR5v-nQ,112,3.3839285714285716,0.6071428571428571
D5n8XvQqC_vzOCi63wNChQ,26,4.769230769230769,0.9615384615384616
DBtNuEt5U_dXoalpU8rbcQ,207,3.763285024154589,0.6231884057971014
DEegOHB-VnPXsptrCf3qMA,5,4.0,0.8
DEmAmcR4xNilT5WY5ImEFA,281,4.07829181494662,0.7437722419928826
DJKYqYmhl9xuSlmkS4r0Eg,34,3.911764705882353,0.7647058823529411
DLTwr11KNMA1hEN7OrkY2A,463,3.7559395248380127,0.7105831533477321
DOfiulOub9hVPBCtiDl9Fw,656,4.092987804878049,0.7987804878048781
DQgX6IbCPg3SKdFAgWK1uw,331,3.2628398791540785,0.5347432024169184
DV0BJwh9qzPqcxufrA_7ag,33,2.8181818181818183,0.48484848484848486
D_WS8rM-DVygaCKbIErZ6Q,240,3.9208333333333334,0.75
DbYZpG1O8Qknfk_IqXtHxg,40,4.05,0.7
DcRfabRzYkddMEUFyPMBgw,16,3.0,0.5
DdD7j67fu8kM6DkvY4JCIA,27,4.407407407407407,0.8888888888888888
Dp9Jxlocw7cnos9fE7HKIQ,9,3.4444444444444446,0.5555555555555556
DqVpNtgFCP47n6frh-LREA,266,3.4022556390977443,0.6052631578947368
Dr2tI5lPLiXQrE0iZRim9A,39,4.358974358974359,0.8461538461538461
E1R-xslwl7XeTN5lQ7mWPg,280,4.3,0.8357142857142857
E1b_hNr22N2wGkq5Z9fmHw,21,3.7142857142857144,0.6666666666666666
E6HHiJMCpTkjOsSly3kzeA,129,4.511627906976744,0.8682170542635659
E7RtIisUoRMcADSebBgNAA,1169,3.688622754491018,0.6817792985457656
E8tiSAB6O4TPeVdKR0K5Ug,89,3.044943820224719,0.4943820224719101
EBuSqlpzzyfZZkEgPxVV1Q,42,3.4761904761904763,0.5952380952380952
EC9-hDcyqE8c_m03X3VhIQ,31,2.3870967741935485,0.3870967741935484
EEkCKh3obNA6hE4D4pNUqQ,7,3.4285714285714284,0.7142857142857143
EEwmN2uP1PmOyxpTstSIxA,43,4.441860465116279,0.8372093023255814
EILVLAwEPdGAV_ZC0edtgA,29,2.6551724137931036,0.3448275862068966
EPkF-beh6gg_s3HtlAdfiw,484,3.9338842975206614,0.7231404958677686
ERuy9x26QrzqVwP1oFSObQ,50,3.94,0.78
ERzIS-WRLw-80_B4yqcG3Q,270,3.6666666666666665,0.662962962962963
EUzWWnvcx1pkkWxk2XV6QA,60,3.85,0.7333333333333333
EWl5aixg4hCcuVYpz4BLKQ,10,2.8,0.4
EXYbKA1tocvOK_1tXxZXLA,184,3.625,0.6956521739130435
EZc2myE2mYk2h9JK9qu8gw,1078,4.242115027829313,0.8042671614100185
E_ac8Q20OJD9L8cafCBKaQ,542,4.118081180811808,0.8265682656826568
EaTbY8HFwwF7i3SjVbHGYw,154,3.9155844155844157,0.7272727272727273
Eqi8jrVowPBlCKAInDfFRw,123,3.9430894308943087,0.8373983739837398
EvC-VdZwoUToLcjUtcntqQ,14,2.2142857142857144,0.2857142857142857
Ey0t4U6yqtxCeMaGPf7GcA,113,4.389380530973451,0.8938053097345132
EzhRlsTdACV60rOgrGYyqA,99,3.242424242424242,0.5252525252525253
F-NlTcl5BHb07E7TFb2TJw,118,2.669491525423729,0.3983050847457627
F3dxQiOwN55rSLw-BNSq6A,51,3.980392156862745,0.803921568627451
F6KHs4GDw_9tpuv65M6PGA,193,3.5492227979274613,0.616580310880829
FAc2Mv92KL00cbLdpAc0kQ,198,2.8686868686868685,0.4292929292929293
FBqYnP7H3TMHYQvafuBTSA,159,3.69811320754717,0.6666666666666666
FE5R_F7svUphKeUWuxA0JA,221,3.755656108597285,0.6787330316742082
FEBwxZMEpxRwVXx9Fm0XZw,1294,3.8972179289026276,0.7480680061823802
FH0MVF7kK0D76Hh4e7hXfQ,581,4.055077452667814,0.76592082616179
FH1sTH13rupNdANai7JFxA,111,4.18018018018018,0.8468468468468469
FQxEfhBd1gMrurP19bhK8w,41,4.0,0.8048780487804879
FSWJmMXXKAXdL6mrc-DzBQ,22,4.363636363636363,0.8636363636363636
FY_FkUeQxVqAjc9V0IAc2Q,100,4.28,0.88
FYc3iwBUhGhxJAtJ6oRvJQ,10,2.4,0.4
FdoqtMadj4ybDAL7S-yUBQ,676,3.9304733727810652,0.7781065088757396
Fg68C3AwFu74dXMhgX3qIw,18,3.4444444444444446,0.6666666666666666
FjVAwrTr0AMfs78pDLamtA,18,2.2777777777777777,0.2777777777777778
FpNhzu3w0XgyedhOLDuK8g,460,4.369565217391305,0.8304347826086956
FyK0sYez1ImnovyzJ_iGZw,49,2.7142857142857144,0.40816326530612246
G0rJD85hUDQ0Omz0rOFeOQ,397,4.17632241813602,0.8035264483627204
GBD-YjcOD1nG0wv4L0Lvfg,24,4.833333333333333,0.875
GEGTsaKaO1R9fFB4sGS5qw,10,4.6,0.9
GIFnN4Uk3wg3uOh0g2JxIw,21,2.3333333333333335,0.3333333333333333
GQue4Nouo2Mg5R2GotVS7w,10,4.6,0.6
GR9fdito21ebH62tG8o_Yg,9,4.555555555555555,1.0
GUuLWkqfieTDwORs8z8mDg,16,3.375,0.625
Gg2ZHe57Ztuv8JaFj0mNhw,340,4.314705882352941,0.8264705882352941
GgcvRnt5_z3NEC0D6vNncQ,57,3.3508771929824563,0.5964912280701754
Gl3XO4ECKKli8-bKKdkkYA,37,2.027027027027027,0.24324324324324326
Gof3vW62_EDmqgAPTL-nKQ,176,2.3863636363636362,0.26704545454545453
GpESl2dXOH8rxs0pAbIyAw,177,3.378531073446328,0.5819209039548022
GyWxMEMzRZJ-mb6OAq7jyA,55,3.8181818181818183,0.7272727272727273
Gz3vi3dVKMylBb8HV1tP8Q,70,3.442857142857143,0.5714285714285714
H4Zf42Q3I8JyQ-V5l4dJrg,459,3.479302832244009,0.6557734204793029
H5bsmYmdO3FBVQHC3jfx2g,5,4.0,1.0
HA_Hks9YjRqz3Yk6JDAaIQ,14,4.285714285714286,0.7857142857142857
HE-9l_2RSingLV2RZItdsA,213,3.863849765258216,0.7511737089201878
HGRR2w9KddspVBYA-4bSlQ,13,3.8461538461538463,0.7692307692307693
HMRiG6zL_q2u8e8IqUmQvg,9,4.555555555555555,1.0
HNACff49-kXS7l0MyLOzHw,49,2.2653061224489797,0.32653061224489793
Hj44PIrCtv61ETVclzLMwg,382,4.007853403141361,0.7460732984293194
Hj8sSN8O_UTSCNkEO33q4g,14,3.0714285714285716,0.5
Hl_vXTiYLozWo7T9Cq17vw,48,5.0,0.9791666666666666
Hlx8S2GLF7hMuIKx4sU-gg,120,3.8,0.7
Hlzn3A-B2-Q1xj3FHe_D0A,8,3.5,0.5
Hqz96v1ymucUKNzIWfEKXw,5,2.8,0.2
HrsWLRW7sPxjeC_hDA0Diw,5,3.8,0.6
HtxYbysdeXwexRrSkKdt2A,5,4.4,0.8
I0jFTYVDs-WHwKR2XHQlRA,352,3.897727272727273,0.7471590909090909
I3yiknZLxXVIjYp4WmLz2w,77,2.8051948051948052,0.38961038961038963
I7tLQ1YEJjcN16josIx6Dw,64,3.71875,0.65625
IDtLPgUrqorrpqSLdfMhZQ,401,4.216957605985037,0.8054862842892768
IDyJPdJ-zTXJ_FSSOMOgbg,87,4.0,0.7816091954022989
IG-CwPl5mb6-hmpFjXUIvA,53,3.849056603773585,0.6792452830188679
INaAIFXWueRVjgmuNtJTEw,156,4.269230769230769,0.8717948717948718
IQFb8aeU7QW-BxpFhGMnlg,34,3.7941176470588234,0.6764705882352942
IQPsL4ZKgYpvuN0BJn_yhQ,64,4.28125,0.828125
IRyKDIF51M0GcqS8yfPcYA,384,3.7578125,0.7057291666666666
ISptOKAGjQnnawYFOz3e4A,16,3.8125,0.8125
IUgQmteI-mbt_qjL2ZENKA,29,3.5517241379310347,0.6206896551724138
IXQH9-nnTWZFgBF0V3MH-A,16,3.875,0.6875
IZJacI6XEUxy3_wbW76Qfw,202,2.599009900990099,0.3564356435643564
IZZ7J14VnJGyUqYH1tgT6w,163,4.613496932515337,0.901840490797546
Ifw5wqcChnL4zBigtR7NKA,80,3.4,0.6125
IoAubn7CpU2rqcURxUo1MA,169,4.6982248520710055,0.9408284023668639
IofBnKUFeC1Z2uyFOTxNDw,7,4.142857142857143,0.8571428571428571
IoihJkcF2FcE-sHOneat-A,355,4.098591549295775,0.7830985915492957
J52h9uXJgEKyIz0iq8S0Xw,24,3.25,0.625
JD4yd4N8HCDziaJKJXk2yA,5,2.6,0.4
JSrab1rTrhBq0X80o6fPrQ,347,3.962536023054755,0.7752161383285303
JUruKsTe0fdPbQHCT8XTug,33,3.272727272727273,0.5757575757575758
JZrspVMm79n_iHTYftkI0g,56,4.035714285714286,0.7678571428571429
JfXYFsOEElqn5ukwDBml6Q,10,3.1,0.5
Ji3XN5gL1aBlbhtFEGpMFA,137,3.664233576642336,0.6496350364963503
JjmmSW_QQh2Db4fuIEMATA,648,3.9675925925925926,0.7283950617283951
JpwG8sDNsHuD0f6NF6YuGw,167,3.191616766467066,0.5269461077844312
Js3m_GdqNUGnEgXJ8WMtfQ,258,3.135658914728682,0.5232558139534884
JxVPdQrAac7qNUnwse7xcw,13,4.769230769230769,0.9230769230769231
KIpghikMrBbxx75tx_ZJUw,13,3.0,0.46153846153846156
KMBCvNByuzXlPoNzHeBhZw,17,2.823529411764706,0.6470588235294118
KMuVQ8E4VIhdjwDo5jPPcg,26,4.538461538461538,0.7692307692307693
KU4zXPo6v8c3N_l14wivQA,15,3.2666666666666666,0.6
KcGCtmMca0EjY_wCv_HN4Q,158,4.113924050632911,0.8164556962025317
KdNQZQaMd4rKjNphqGHX6A,198,3.8686868686868685,0.7474747474747475
Kg71HUigI1rnY3UMFiLx0w,69,4.579710144927536,0.8985507246376812
KiE0h68HGOO7ZXAqkMBdiw,36,2.6944444444444446,0.3888888888888889
Ksz_jsyyK3Zjlq_Cz81ZBA,245,3.942857142857143,0.7306122448979592
KxTipxTtvRDOntfze34NPw,22,2.0,0.3181818181818182
L4-_gPiqsuX50JN_-qUhNQ,41,4.780487804878049,0.9512195121951219
L6nIOUwcTGgQKExGHmvTzQ,498,3.5963855421686746,0.6566265060240963
L7-PPe0fj-6U7qq31vjWnQ,113,4.707964601769912,0.9026548672566371
L8rhRyXtpq2nCE0il1KN_g,29,3.103448275862069,0.5172413793103449
L9CFXQbU79r6PK8Cy9aAgA,311,4.363344051446945,0.8745980707395499
L9QTAucz_in5f-ufCrvb1Q,43,3.7209302325581395,0.7674418604651163
L9XvUfEWfjEmOJAd21o6rA,20,2.7,0.4
L9hRzl4W7TAdcW0Ld09O-A,7,4.857142857142857,1.0
LDrs5hQmJw0mzlIi5Wu9aA,12,3.0833333333333335,0.5833333333333334
LEo6sBsQz3xrpKW-DQjTWQ,18,2.7222222222222223,0.3333333333333333
LIqjZ2fGRbjjMy0ezyuKSQ,30,3.2,0.5333333333333333
LKM0wL3GMsi8NwEdz-_n8w,461,4.065075921908893,0.7787418655097614
LMm555z8BReDxgkpF_TEug,9,4.111111111111111,0.8888888888888888
LdXB3D3gl3ckxZutLmen1g,279,4.0,0.7885304659498208
LgSEHsI9DKyeGVGtn61tEg,88,3.159090909090909,0.5568181818181818
LlGIlNJE2Nv_PXkH7l4Wmg,527,4.413662239089184,0.855787476280835
LsniEK_m_Jbj7JMbT4eRxQ,28,4.607142857142857,0.8571428571428571
LswO4EWgN99h6NEEJ7qtCA,69,2.2028985507246377,0.2318840579710145
LtxG9DTXCFpteVkD4SGBlw,312,4.166666666666667,0.842948717948718
LuPK46HMxRYEVTXVbBCR1g,492,3.932926829268293,0.717479674796748
LwCcNUqX-BEMBd6Xj-JlvA,54,3.888888888888889,0.7962962962962963
M3LZKA-tVFRJyPeKA3_2OA,9,4.666666666666667,1.0
M9kbUs_xPc9HnU-O6qZX1g,23,3.4347826086956523,0.6521739130434783
MAIfD4kJDCydgoD1l2b_vw,280,4.0,0.8035714285714286
MCsD2G2R0udfzg9FTltUTA,54,3.7962962962962963,0.7962962962962963
MG0IlmvAILSzRE4E1gk5hA,66,4.590909090909091,0.9242424242424242
MJI-bNIn3QDgiGggm9Wp1w,887,2.947012401352875,0.47125140924464487
MOowZBGbgn7FrTol3dvrlg,136,4.25,0.8308823529411765
MX2YGruhd0sMNHZGK7p5-Q,265,3.9283018867924526,0.7283018867924528
M_0k-h3euD5T1Pv6vQwEMQ,18,3.3333333333333335,0.7222222222222222
MbzgGsMQpGyVrUJXi_Jw0Q,819,4.240537240537241,0.8107448107448108
MiMRlsXOpHJMSTDAuw8s1w,20,3.7,0.65
MmN1qpG224QxOeq72DpN2g,312,3.0865384615384617,0.4935897435897436
MnAn9IDCGMTXFqUqJ5P53Q,86,3.616279069767442,0.6744186046511628
N-CBZKO37y_WSUN7ZMNGkg,69,3.9420289855072466,0.6666666666666666
NAWO3P0rl396h0kdRXwuFA,16,3.875,0.75
NCHUoBAMTDqI754PICPN9A,104,3.1923076923076925,0.47115384615384615
NCMTfUJYTasYZ64UuGC-rg,107,4.4953271028037385,0.822429906542056
NG3SFWgDgjMMpIJoQoQ3XQ,13,4.923076923076923,1.0
NIQWO-Q_F598XlAvZnFVCA,1030,3.746601941747573,0.6796116504854369
NIqFlHurHm0cj6QXczYbEQ,131,2.885496183206107,0.4351145038167939
NMnn6FJkW802ldqdgScVxQ,39,3.6666666666666665,0.6666666666666666
NORF647ibBQ4U-VNMgzSLg,77,4.4935064935064934,0.8701298701298701
NTLvzcGNm4IUF_yXIwIhvA,142,4.556338028169014,0.8661971830985915
NTWgjXi0ggOQnTOS1bTjEw,5,3.8,0.8
NWiDQblpKeZwcHio6oEzUA,43,2.86046511627907,0.46511627906976744
NWwVZnCb8-Oh9QWWAb2T2Q,102,3.5588235294117645,0.6372549019607843
NcPL-huY-Ac2VjkZ5KsSRQ,19,3.736842105263158,0.7894736842105263
Ng4PxR9WVdbnDGC50PbzwQ,89,2.898876404494382,0.47191011235955055
NmJX_LZ7ShIZqspI31RVZA,89,3.2247191011235956,0.550561797752809
NnAfFmqKH3PBeigmuAeFNA,131,3.5267175572519083,0.6412213740458015
Nq4k3dnfiOMT_UrOL9xO-A,239,3.071129707112971,0.5104602510460251
Nv6ruFQa6AG6g8f-_IxFCw,18,3.8333333333333335,0.6111111111111112
NynM3SwsOMFJryABCKuOlg,88,2.840909090909091,0.4318181818181818
O0kQGkmlllaN7oU6sQyzPA,22,4.454545454545454,0.8181818181818182
O2lFAWD2WXXx5EKkzPutWQ,441,3.857142857142857,0.7301587301587301
O8rIa0Wvapju2iC9T1Hp8Q,20,4.3,0.85
OCW1gs6Rjn90_x5EV0PuaA,69,4.304347826086956,0.8115942028985508
ODvaMIpjD6bHiwQ9-kmECw,83,4.385542168674699,0.8313253012048193
OFfJsY9KeOyelk46m_jzzw,147,4.006802721088436,0.6938775510204082
OJ9DJLWvQV0h-ZU07QEKag,128,4.015625,0.765625
OM5beWRkxZSu1TShUC3EDw,613,4.143556280587275,0.7732463295269169
OMWhamtXhqlYCj66MqcxuQ,9,4.888888888888889,1.0
OODq_Mki-e929E8NfPc7-Q,10,4.3,0.8
OPQkUsUdLN_PPAW6IyEJLQ,18,3.388888888888889,0.6666666666666666
OdRkeCycTpMRow9XUXVNWw,5,2.2,0.6
Oeaerj6kDDBRGnUh0wLAvA,296,2.831081081081081,0.44932432432432434
OqZFZcjKqYwVSGEYb5GhNQ,14,4.428571428571429,0.7142857142857143
OrU9wTeHJSLMwyGqYg4FAA,637,3.783359497645212,0.7315541601255887
Ow29cE1wS-_LrfN7jEuDPA,141,3.4397163120567376,0.6524822695035462
OyFxR5E2HBy-K2-0AxCtFg,43,2.1627906976744184,0.20930232558139536
OzGk7arJv6FPrWqaYSvyKQ,178,4.466292134831461,0.8820224719101124
P5cgKbK-cQqqZj0I3_DW0g,78,4.67948717948718,0.9358974358974359
PBXFaKio7FJ-4JehJGh_gg,10,4.3,0.8
PFEC0Z-5rT7l_DR6cySCOQ,19,4.7368421052631575,0.9473684210526315
PGVZjuHpB5s5jFMKqKdCmw,36,3.4722222222222223,0.6666666666666666
PHSda9zEwtFicCICD6TP1A,241,3.7302904564315353,0.6348547717842323
PNVbv2kyUIHeJTDPis2gRg,474,4.0210970464135025,0.7383966244725738
POSwCH5XrPTMRILJaNAjAQ,35,4.771428571428571,0.9142857142857143
PPcz-0UtIJ8O7xDT551y2g,144,4.444444444444445,0.8680555555555556
PR9GKW_tKuQGIAB_aeFPJw,166,4.0843373493975905,0.7831325301204819
PUDTWmMzevJdvsueEmnYqw,36,4.611111111111111,0.8611111111111112
PVo1orQ9R7ZHfg90QACh-w,355,4.107042253521127,0.8028169014084507
PWWGbkPC_agn-4s1Hv1W5A,1065,4.571830985915493,0.9107981220657277
PZIVcSuN-G_I6oG6EVKntQ,62,3.7096774193548385,0.7580645161290323
P_QAD4_iMgqTaWd5On_n3g,341,3.718475073313783,0.6744868035190615
Pf_7rI6TnV8M_btOBBLg5w,59,3.983050847457627,0.7627118644067796
PgtqA056auCp5EbcZMbXPQ,212,3.6792452830188678,0.6415094339622641
Pjurvl_qc3IEMxW38Kj3tg,47,4.042553191489362,0.8085106382978723
PnT9JSoMirpKzY6TnG1HhQ,97,3.9690721649484537,0.7628865979381443
PrJEYGjlhaF0BSZk_Q-uPg,5,5.0,1.0
PsO9LleYQJlFc_r-DJxVzg,32,3.3125,0.5625
Q0NVfooo9liiTgElEOVA6g,69,3.072463768115942,0.5942028985507246
Q54wPRfbmO8egJeVTmSkYQ,18,4.777777777777778,0.9444444444444444
QBNATcq7Stx9LxcSq16W7w,213,4.629107981220657,0.9389671361502347
QBuyT7RmnVj2AnS3NfxIBg,13,3.8461538461538463,0.7692307692307693
QFNrQo2BGE62G-FbIlWWgw,32,3.6875,0.6875
QFh-h_OZ5Io-mBk32HN28A,654,4.004587155963303,0.7507645259938838
QLHgjBHBoeIUoEvIPvjHnw,467,4.117773019271948,0.7516059957173448
QNoFrASBpqW8dzdAEIYjNQ,11,3.909090909090909,0.7272727272727273
QaFbv7aLQBcfT4xMF1_WnQ,1290,4.47984496124031,0.8798449612403101
QfXEdQpBojorGinfCnrKTA,17,2.3529411764705883,0.23529411764705882
Qh4SE3580B-nnH3DwuAXOA,10,4.7,0.9
Qki5LF9vIN7KPM3gn2WkJQ,241,3.7468879668049793,0.6763485477178424
QpsBZDw-fE5r5_M6Vto_qA,96,3.9791666666666665,0.7291666666666666
Qsd_S2f7fNFqngx2amRE7A,286,3.8566433566433567,0.7447552447552448
Qsoq2TGOe59LZy7z6KbQjA,58,1.6206896551724137,0.15517241379310345
R0U0K_qvwOQbQwPhhKw4Ew,35,3.342857142857143,0.6
R6NxHoRRK5Y4ishGsLrGwA,23,3.4782608695652173,0.6086956521739131
R93mEcQ1pjq7q3LzShi3ow,77,4.87012987012987,0.961038961038961
RDjtVGc0c04ZIR6em1hCbQ,124,3.9516129032258065,0.7258064516129032
RHgj2ssSXnS0VA7DRvKomg,7,4.0,0.8571428571428571
RIXWht1pZG8pe1SJk5hhXw,55,4.672727272727273,0.9272727272727272
RKuAfE06rDcetvOTI5MbbA,88,4.284090909090909,0.8068181818181818
RNzhLU8zy1L5dBkjRK4xEA,329,3.4224924012158056,0.5927051671732523
RRGLss4hhvZZuR0N6GQlSw,214,4.130841121495327,0.8037383177570093
RW3nH6Au6pSCWxJhiGY03Q,110,3.9545454545454546,0.7454545454545455
R_8S3Iuhpzoi3nM-xq3kcw,105,3.7333333333333334,0.7047619047619048
RdFgbrE_8sf6NImEMopaPQ,142,3.4014084507042255,0.647887323943662
RiOcLw__HPf_rTOTpYKnHQ,150,4.1466666666666665,0.7266666666666667
RjOnk_W82F2brYtpDZ59MA,134,4.17910447761194,0.7388059701492538
Rl42JbSMsmNW3LRjsTMYAg,1296,4.058641975308642,0.7662037037037037
RnC8N3wdN4subTxtmV3FeA,52,3.6153846153846154,0.6346153846153846
RsjgvZO_0aLsg9YxvtBwpg,49,1.7346938775510203,0.12244897959183673
RtJC7xavgAxOITQyAlGCbQ,95,4.2,0.8526315789473684
RzgQioExrGZDkY3vNuziOQ,29,4.0344827586206895,0.7586206896551724
S3QHy1sshUeZwXOYviVsXQ,274,3.7737226277372264,0.6897810218978102
S4ujTsHtCOsHKrKkcjY30Q,125,4.296,0.832
S7Cl9gYqaC9jlw32yd4_Yg,51,3.235294117647059,0.49019607843137253
S8saWaZlToeNoloR2fMrAQ,165,4.63030303030303,0.9030303030303031
SAQgO7Ij2cdnMp8VQKBffA,50,3.64,0.74
SBs30RyeoiEU2LjeiH1YFQ,13,4.3076923076923075,0.7692307692307693
SHk_eYKzIOPvgwvTThtXiQ,6,3.6666666666666665,0.8333333333333334
SOl2m-ZsAmnCuQGdMZeANQ,6,3.6666666666666665,0.16666666666666666
SWP5Cck3Hd_g-KWfVkF_IQ,27,3.962962962962963,0.7407407407407407
SYHDOHRNAH-2xsw3XB5qbg,1125,4.298666666666667,0.8222222222222222
SZU9c8V2GuREDN5KgyHFJw,2444,3.911620294599018,0.7303600654664485
Sa1G0j7YGs0mSa-mU4tvgg,46,2.6739130434782608,0.3695652173913043
SaUbh0sMSev8gKNJYtC76g,23,2.782608695652174,0.43478260869565216
SeneXbKmhHhPtzyTDPDnvA,136,3.8970588235294117,0.7647058823529411
Slg6Ec2D7vEBRmgVUfwkzQ,205,3.995121951219512,0.7268292682926829
Slihcg1bmYvw-V_FUFghLg,14,4.857142857142857,0.9285714285714286
Sp4HOjXy-LYV_4yy10L3jg,74,4.45945945945946,0.8918918918918919
Ss6f5v_t5Vddiaz4ZOxL0g,1127,3.8899733806566106,0.7391304347826086
SsHMgOW3TT48Z7jeV5beqQ,323,3.956656346749226,0.7275541795665634
SswXHqlzhpbAQS9HVAoBww,16,3.6875,0.875
Stx8fUjg_m0-CAcT2NJCNQ,10,4.5,0.9
Swk_Fdv-gRY8zUT2ft18Kg,26,3.6538461538461537,0.46153846153846156
T2otvNcawDSkhykOG2tOLA,114,2.3684210526315788,0.34210526315789475
T5HC59sxOcW-I3_ViqNbYw,9,3.888888888888889,0.5555555555555556
T5serOgucL236udCsZI0jA,41,3.1951219512195124,0.5609756097560976
T9I4G6Or3sAbyYmB7c23hw,96,4.416666666666667,0.8333333333333334
TCWnTa69sJ3vGQsdEe3Esw,331,2.785498489425982,0.4108761329305136
TI3Rydw47yBMzY1oW2wJUg,158,4.031645569620253,0.8354430379746836
TN3tMGLb6AbAnN6rFKmH1A,66,3.696969696969697,0.6212121212121212
TSwMwVq5GtQh5LW2t32uGA,6,1.8333333333333333,0.16666666666666666
TUtf4FLtotdQDleYpRIfnw,194,3.216494845360825,0.5103092783505154
TVX2a4bVuCE2VUIkiLdZrQ,512,3.85546875,0.720703125
TYVln68leW7BYuVksFyB5A,12,4.083333333333333,0.75
TZ-bgvsk189WywTLFrqfTQ,7,4.285714285714286,0.8571428571428571
T_TX4Lx03Juo4pHF5cMYuA,34,3.1470588235294117,0.47058823529411764
Tc1L4BH_2pkCywkAEfCQRg,9,4.222222222222222,0.8888888888888888
TeUEijNG9w8m2fNaE7J1TA,21,3.238095238095238,0.5238095238095238
Tfo88MgUweNHyOMfQ6TYGw,92,3.3152173913043477,0.5869565217391305
Tpr8CltepNzpRpQC2JM4pQ,92,4.195652173913044,0.75
TqE83vo_rs4h4EycnuLI6g,40,3.875,0.775
TzNk1TcWLZn0JCpO83hBAA,495,4.288888888888889,0.8343434343434344
U1Gc3wKN5viu_e68KJVOdQ,155,4.038709677419355,0.6838709677419355
U1lGcthY52-LUPdxhV3qVw,58,3.6724137931034484,0.7241379310344828
U2hkeMI-q4cS35QolJYN0A,993,4.181268882175226,0.8006042296072508
U3grYFIeu6RgAAQgdriHww,3003,4.062937062937063,0.7975357975357975
U7XQ4-xZf-3a5diuDILpFA,15,3.4,0.6
UA3HxLprLSOO9J6l1iR2Cg,207,3.6135265700483092,0.6376811594202898
UAy8Qc_T0CuHxQRiUMNN4g,24,3.5,0.6666666666666666
UBK6zb5-XUETfVzYkRTj1Q,40,4.5,0.875
UCf1qieF9Lss61Te-Qnacg,10,2.9,0.5
UGADjVkBITKPU7I6sMO1oQ,10,4.0,0.6
UQZe-qWOpGiyEPsTUko5Rg,25,4.68,0.92
USVks6B2Xkf0WLmLIiXqMA,493,3.760649087221095,0.6957403651115619
UTp0yIaYklWD5BbQKz_85A,143,3.5664335664335662,0.6223776223776224
UiJiURqivPDuvMsFgRF3yQ,216,4.375,0.8518518518518519
UjgqSqa4Biy34pHSEdwj_g,264,4.045454545454546,0.7840909090909091
Ukn2qaxEP0sbjoiwn2LwhA,38,4.526315789473684,0.8947368421052632
Umywf9wstVwg30wROIrL_Q,47,4.680851063829787,0.851063829787234
Un-UDVOuv1co3TMmGaumxA,545,3.757798165137615,0.7376146788990826
UuRZpgZsHX7PyykHV3wbZg,802,3.8154613466334166,0.7493765586034913
V4lqQdll3_TAEtkrHDYbAA,24,3.5416666666666665,0.6666666666666666
VAIOtbsxdNmuhUKkQZFRlA,539,4.259740259740259,0.8237476808905381
VC4jqq8Hu1_RjBFt8nHD2Q,19,4.947368421052632,0.9473684210526315
VJKpVv_l1g943WK6fxwZKQ,22,3.4545454545454546,0.5909090909090909
VOcGcN0bvGU_nzxbJgR5jQ,327,4.327217125382263,0.7951070336391437
VW7GMzoQNMqTs9_cM26LLw,6,2.0,0.3333333333333333
VWL9UqAKfyvGeb0AlOTusA,318,3.5534591194968552,0.6761006289308176
VXxZJNSscbm5bpG5ll2rcQ,74,4.04054054054054,0.7027027027027027
VZhRxX3BzU09qK4UlXrN4g,147,4.360544217687075,0.8503401360544217
Vc-hDuD19_eeJ8ULZmLSCw,99,3.686868686868687,0.6262626262626263
VciWUuWgNshjkRDPHiFCoQ,8,3.5,0.5
VeFfrEZ4iWaecrQg6Eq4cg,199,3.7688442211055277,0.7185929648241206
VfH9vj-kkAiAwvKYCKzQ0g,54,3.074074074074074,0.4444444444444444
Vg0oTgDyRwi73D5zRywrlg,9,4.222222222222222,0.6666666666666666
VgAKmXE8B7J0I_O_R13UKQ,522,3.9827586206896552,0.7681992337164751
VhH_MGOiWsMVOJk1LHFVXw,27,3.5555555555555554,0.7407407407407407
VhWtlyWAH6Lw_XBXuKDWng,11,4.2727272727272725,0.7272727272727273
VqcHpG3ODZ4KHBhbxcL4-Q,176,3.8806818181818183,0.7272727272727273
Vt5gk5h5VlHXLu-cVKzOXw,24,3.6666666666666665,0.6666666666666666
W5-2F8kftKARrEPLhQaZ8A,13,3.6153846153846154,0.7692307692307693
W7gSJz80DywKnPRIGjA2Bw,130,3.3076923076923075,0.6
W7zCBDLFv13fDzRXJefrrA,35,3.5714285714285716,0.6571428571428571
W8a_FYH-405MtR9_0U7sQQ,36,3.7222222222222223,0.75
WIH1ptTMD7aII_qfeVeaRg,13,4.615384615384615,0.9230769230769231
WQ0cLxAeRpkp6bZP89nDVg,7,3.857142857142857,0.2857142857142857
WUGRmrfSzQCyeG6mYAM-vw,126,4.309523809523809,0.8095238095238095
WVNkMz4sEl35swjVtKHOFw,115,4.730434782608696,0.9478260869565217
WVuSLF5tLVqMGMmj5pn7mw,30,3.966666666666667,0.7
W_TgYTkBkPhK7Qdx29j9GQ,12,3.9166666666666665,0.6666666666666666
WfN-VixjWAbfe8efJEs3yQ,58,3.586206896551724,0.6724137931034483
WhAp8J-Jkd6LcEtnFZSk5w,42,3.8095238095238093,0.7142857142857143
WrU1ZYN4jlYcL5mvJrQsCQ,136,4.705882352941177,0.9558823529411765
WtGHHomZhFffiL0UiKjGkw,14,4.428571428571429,0.7142857142857143
Wy8Hswf2cLQGRZN6armkag,86,1.5930232558139534,0.16279069767441862
WzgtV5eNV7rwtJYJUiPJ2w,5,4.2,0.8
XHxAIQR-QAz6j1RMaz_J1A,136,3.389705882352941,0.6102941176470589
XQY1_EorK7FMCffiftN0fA,55,2.5454545454545454,0.21818181818181817
XSL9RuLwRTyhNUwUo7WAPw,18,2.0555555555555554,0.2222222222222222
XXsofYxziipczzc3OFDD5Q,8,3.0,0.5
XYxSB4DQ48O7J6AsnS-Ddg,22,4.363636363636363,0.8181818181818182
XgehM3pBZWuXi45J2dqRJQ,334,4.299401197604791,0.8293413173652695
XkZwD46WcsAlbpg1inwbLQ,199,4.085427135678392,0.8241206030150754
XkveGZ8pr9TL5bZCqmzuhA,50,4.34,0.84
XleIcqVgh3iBeM4s-rdy6g,31,4.096774193548387,0.8387096774193549
Xw_5QkLTyIEg6Hs-kXGNbg,304,3.5723684210526314,0.6447368421052632
XwnkfMUiyH-OsJXbmbOK5g,162,3.4012345679012346,0.6111111111111112
XyYsl2OyoMi6OMvzsdcVoQ,390,4.148717948717949,0.7743589743589744
Y-qMi8FQYC6-wq-4wBA54Q,7,4.0,0.8571428571428571
Y0izXh4Dv1_YU68tn43Xiw,224,4.450892857142857,0.8839285714285714
Y57sylYCgq2VQJuBCnjPfA,434,4.1728110599078345,0.783410138248848
YANEffRwcoMTLMfmeY1Y8A,101,4.336633663366337,0.7821782178217822
YB689VFiOlzUTBRPiauDFA,17,2.823529411764706,0.4117647058823529
YGgGefpPTFhgthvQvMAGoQ,292,4.212328767123288,0.8116438356164384
YHOr_9eSbIGhcecc4Uow6Q,35,4.085714285714285,0.8571428571428571
YL50DFkSKhVFyfKZgYQA8Q,58,4.086206896551724,0.8448275862068966
YXKot5TH9MhC4khAn0JC3w,129,3.9844961240310077,0.7829457364341085
YXaCcpETNtxrNNK6TbUTlw,333,4.06006006006006,0.7567567567567568
YgS10SCzw13uGiC0wTDiaQ,47,2.4893617021276597,0.3404255319148936
YgbIbmfDlB-bZSsjuIfKwA,224,3.669642857142857,0.65625
YiSr-W5BBX6uXnhWPxk82Q,428,3.941588785046729,0.7616822429906542
YrNtBUOUOYwmRZ_UVwH8iQ,440,3.6886363636363635,0.6818181818181818
Yucf_GqN-tVJl7XF1JAhMQ,75,2.2933333333333334,0.32
YzcchXErwyb_8FL6bVPwEA,25,3.32,0.64
ZCURd9PiH4qdEjQfrIZzFg,54,3.425925925925926,0.5740740740740741
ZJ1rSNQ49v3nbG5qWgwojw,49,3.3877551020408165,0.5714285714285714
ZJzlns_dFkapVajmdFHGuw,214,4.462616822429907,0.8317757009345794
ZKi4F9BlA46rLvLyeIE3VA,255,3.7294117647058824,0.7176470588235294
ZTg2GBgQj1WwAO5ySsTAQw,56,3.607142857142857,0.6964285714285714
ZY4M_fKW8aSUpsUzeh5fuA,43,3.488372093023256,0.6976744186046512
ZYqNIWch6Ik9wLZCa1hxkw,175,4.577142857142857,0.9142857142857143
ZcbhsniFmXZFW8ccPvsSLA,60,3.6666666666666665,0.65
ZeGBAsyE8qcJsnWtmGWeBQ,71,3.5774647887323945,0.5492957746478874
ZmQHzv1pf0fbk-tm8lu0EA,124,4.475806451612903,0.8790322580645161
Zqc8nrT3Z1IbQBckFuU3Fw,8,3.875,0.5
ZrxlfdFU_qpnIHI2DmoRxA,180,4.183333333333334,0.7777777777777778
ZzI68qUPwySLG3pFeQxg6A,22,4.7272727272727275,0.9545454545454546
_6p_j0UL7ST3b2nvHw82eA,163,4.024539877300613,0.754601226993865
_P-0kP5DboEd5p0OqDorFA,40,4.55,0.95
_T8tOBDr3NKNxd0yl5GwjA,119,3.0,0.5210084033613446
_Uyinj5wLMJ7x2cCfHO1Yg,64,3.78125,0.6875
_cWBP-lW9RETw77prVle1g,28,3.7142857142857144,0.6785714285714286
_ecVi-tVoaKHKYxNkxFj7w,379,4.525065963060686,0.8786279683377308
_kJzi_k6LwtE3phJFxNOzA,138,4.1521739130434785,0.7391304347826086
_l05Dd6BKBAiJKX71bLq6g,11,4.090909090909091,0.7272727272727273
_nSL2u-ZzX6kkAF2D2EZgQ,79,3.6835443037974684,0.6835443037974683
_swrAjNgk60HIGLVzHiqmA,53,4.566037735849057,0.8679245283018868
_tTKZJ89dS404ZEVnHa-Cw,76,2.6578947368421053,0.3684210526315789
_urnEsYdKg1wt057-8yA9Q,56,3.8392857142857144,0.6428571428571429
_v3DcLatG70adfYzWTd-CQ,97,4.536082474226804,0.8969072164948454
_vLfidpLDYHfZ_KnFZ75Lg,215,3.6511627906976742,0.6837209302325581
_ywevgEtI1SpZBtY3rILRg,17,4.705882352941177,0.9411764705882353
a1E2BPYnufFzb6YX2pplJg,62,3.4838709677419355,0.6935483870967742
a32M9H9nkkPGKTKB5W27NA,1151,3.7037358818418764,0.7089487402258905
a9K3jxNUUe6jr1uh8FsakQ,66,3.1363636363636362,0.5454545454545454
aD4ysR05o5-onOjYjJ8QiQ,27,3.185185185185185,0.5185185185185185
aFhPwy7OhyKah4cJY2QdEQ,346,4.427745664739884,0.8497109826589595
aOLFlIQibMg_lT2X4qKM2g,97,4.474226804123711,0.8865979381443299
aOVpnuzdFEIp87NpGyNDkA,261,2.9157088122605366,0.42528735632183906
aQBWiMlM2nEIx3EIjLRGBg,49,4.877551020408164,0.9183673469387755
aY_n9RSaD2Yw09jSFFePew,131,3.8625954198473282,0.732824427480916
acqDz7WDsCS3WiLxHVceOg,12,3.75,0.5833333333333334
agXGQ4DH4SqxtJxBHKjWIg,48,4.0625,0.8541666666666666
agXY9uFaWAhIzwWsRZB6gQ,26,4.384615384615385,0.8846153846153846
apdwYbDYSOgD89eEa8yDcw,42,2.261904761904762,0.38095238095238093
apmw_lkLdwWbeYiI9ysdJg,108,4.4907407407407405,0.8981481481481481
auh2m1mJ2ORJxpmPUJ9SYg,54,3.7962962962962963,0.6481481481481481
b0TBL7gSg2mduoFDgFQHoA,34,3.411764705882353,0.6470588235294118
b1shfPbHpkeWtbGbz5iAtg,141,3.0567375886524824,0.5106382978723404
b2Za53CjptGyf9K0fFnrAg,239,3.7573221757322175,0.7280334728033473
b8jbsZHfrGZCVPjI9KXV_g,70,2.1285714285714286,0.2571428571428571
bBA62rVklEG2WUnvi8RtrQ,147,4.081632653061225,0.7755102040816326
bDoeXKSLBvj5R5OYRBNv-g,20,3.8,0.85
bFWH7wlto7jjjwce5ZV--A,239,4.573221757322176,0.9079497907949791
bLnC1_-Kd_Z5qhHNQXCUfQ,349,4.017191977077364,0.7679083094555874
bPVPZeqMuYtU_yGCb4P-jg,730,4.265753424657534,0.8095890410958904
bRlpi6k7wTSHHEapcLz_KA,186,2.032258064516129,0.21505376344086022
bVaRZDHkWdsHuARGxxpREw,98,4.540816326530612,0.8775510204081632
bXrQejeR66IwebuhxPS7GA,332,4.478915662650603,0.8885542168674698
bbEXAEFr4RYHLlZ-HFssTA,336,4.1726190476190474,0.8005952380952381
bd0ew6pTvlP4f5KRfWK5jw,42,3.9523809523809526,0.7857142857142857
bdfZdB2MTXlT6-RBjSIpQg,191,2.858638743455497,0.47643979057591623
bjhCtlYHrkgA5Ku8l-rB3g,107,3.5233644859813085,0.6261682242990654
bkCM8JR0ti4WHtG19DKgfA,13,2.8461538461538463,0.46153846153846156
bvULUymFuaL_4Az8Vyxalg,69,2.7681159420289854,0.4492753623188406
c-W17u2jiFOD2H_d6uo-bQ,238,4.357142857142857,0.8781512605042017
c0p9TawJSQHchy5aL8NWgQ,234,4.452991452991453,0.8888888888888888
c1oDGw0j9-Lxus_Xs7go8g,70,3.942857142857143,0.8
c1tH5Btm_f7SQ-6ju22wag,128,4.203125,0.8359375
c1xuic_qvUfSIr-if6nSUQ,139,4.0647482014388485,0.7985611510791367
c7GJVA-6lQxcH6QkrRiW0w,35,2.857142857142857,0.4
c8BFvdscjkhieg0C_rx6vg,246,3.5284552845528454,0.6829268292682927
cAbdvzqtFLaAAMFIyPf2AA,557,3.8420107719928187,0.7199281867145422
cBZJKUdFNSKHLI27Efy-uQ,5,4.6,0.8
cCi63HyU5XtjCaCVw0qJCw,15,3.0,0.4666666666666667
cJjzBIPfMmps5NhNowKPpA,47,4.042553191489362,0.7446808510638298
cMd6d7T9ycU8DX0mVybNHA,10,1.4,0.1
cOoTIQ0RcudE1R5aRVZzdw,93,3.6344086021505375,0.7204301075268817
cQDwJjslebJv5Co7gCm2Yw,92,4.119565217391305,0.7934782608695652
cVW9b_1bqsvTU1jhGNWUsw,9,3.2222222222222223,0.4444444444444444
cZ6sHHLv7VSmuFSxP6sQLg,147,3.687074829931973,0.6666666666666666
c_a38vt6v2tRq-VjdTZHZw,56,4.071428571428571,0.7321428571428571
cbX2XHrun39yJBND451_oA,26,4.038461538461538,0.8461538461538461
cbkrO0zra1OiNGvtjw2igQ,105,2.2285714285714286,0.18095238095238095
cpaMCrmG7WK10tJ4c_GXow,24,4.208333333333333,0.75
crlk8kaurC4zrPUTt7BevQ,148,3.9662162162162162,0.7905405405405406
ctVn7wMvJX8f4Z9SnOnrHw,249,3.6184738955823295,0.642570281124498
ctelO_ItYaUjIzD_AxZByg,5,3.6,0.6
cyaDjqjhtRbpd5Og5dFoZg,5,2.6,0.4
d-5kMts7CzenaPgDzesQDg,79,2.392405063291139,0.27848101265822783
d0E938M2_4kcuULUdnj-Xw,275,4.614545454545454,0.9381818181818182
d0ybsdCs9S9DTDTxuwLbKg,53,2.8867924528301887,0.41509433962264153
d1sY9JkgkGt3_P2fWZ2eFw,15,4.333333333333333,0.8
d35qSICZEJDIuGUIUIbkgw,33,2.4545454545454546,0.42424242424242425
dDU-0EW4Asx-RnM-vULFQw,88,4.340909090909091,0.8295454545454546
dQ6d9H7rnFSOSC_FXbJ_FQ,51,4.03921568627451,0.7450980392156863
dYNKHYBxA_SQZBrCKZi4JA,29,2.7241379310344827,0.3103448275862069
dbydQdzf0uEsvQ9y7SKT7w,11,3.4545454545454546,0.5454545454545454
ddm-u31cWT7Uq097opQUuQ,5,3.4,0.8
df_UStxBFDYNSd-ngoR1-w,75,4.72,0.9466666666666667
dinxDxiWFUkEpxpIzaGHMQ,681,3.2936857562408224,0.5506607929515418
dq4BvgEvM4vPOqjmIjAMBQ,7,4.0,0.7142857142857143
dsNKRi0XlMm7JOWbVk0Nvw,140,3.9857142857142858,0.75
dutm97q2F4a6RV6YQ0uLHw,34,5.0,0.9705882352941176
dv6tq79a0PhoFphStXkqcQ,15,3.0,0.5333333333333333
dvs-RLII_zdcxfjoqOFJzw,331,3.003021148036254,0.486404833836858
e-iakFOQCVEEr0-ygBKPog,42,3.8095238095238093,0.7380952380952381
e0DU7_0mfalr-lnyUafiag,154,3.5259740259740258,0.6233766233766234
e63pcbZaXxSY_YyhBol-bw,22,2.6818181818181817,0.3181818181818182
e76uCbhmK8oqAtYAkxB2Qg,55,4.581818181818182,0.9090909090909091
e8IBUW8tO5XlmgD4fSMtqA,45,3.088888888888889,0.4222222222222222
e8NRt-1C8eI85C59pKhJuA,52,3.6153846153846154,0.6346153846153846
eBxc95u_Gcs9bLST0UntOQ,383,3.9947780678851177,0.7467362924281984
eCW_2UoyT2xxgcFGX8OyEw,22,4.0,0.7727272727272727
eCnHSfwrco1Vs3m-iRcavw,31,3.903225806451613,0.7096774193548387
eFn-8QlFGdkT_B-bWigtFQ,119,3.991596638655462,0.7310924369747899
eGI_WepIIjYahIrMVRknfw,84,4.476190476190476,0.8214285714285714
eHRzuUXA2jrR99ecioWU4g,210,3.3095238095238093,0.6047619047619047
eTVtHkrdoh8plErbmRhTfw,174,3.0,0.47701149425287354
eUIsUpG6KAonYxGoExzy2Q,14,4.857142857142857,1.0
eX7o_-s5TmDT-DMfTV4cmw,406,3.9285714285714284,0.729064039408867
ebJav941naDgngDP2EIRHw,51,2.2549019607843137,0.27450980392156865
edDmC1Zcr5SVczbKBfiXqw,27,2.925925925925926,0.5555555555555556
edJoBsse6nsF0BYh6pATAg,1536,4.261067708333333,0.8411458333333334
ejqpFQ0dwO7AZhxTO9fySg,146,4.438356164383562,0.863013698630137
elX9a3nvGMSweRaMWgSb0Q,92,3.5434782608695654,0.5869565217391305
eoH4nxBTSu6kf-41pWDwJQ,260,3.853846153846154,0.7192307692307692
er6TqaBx6m2xpKJhqD74FQ,43,3.0697674418604652,0.37209302325581395
etqiTJ31Bl3Fuh3CWTSHxw,50,4.0,0.8
eukRpR47MDH4XXfU_Dul9Q,138,3.318840579710145,0.5579710144927537
f3eve2cxUIzyanWnHdMtFQ,839,4.601907032181168,0.8891537544696066
f7S0WFDy_J1TGahYhnoMLA,175,4.445714285714286,0.8057142857142857
f7sw_jTKAcFeLFJjNnHjUQ,8,3.125,0.625
fAiPD2OIEm9wtS7uJqzu5Q,136,4.051470588235294,0.7794117647058824
fApb6LKfOdy5u7MP0hsHKg,264,3.731060606060606,0.7196969696969697
fHUAs1ec568wu-a_mRq7Rw,53,1.4528301886792452,0.11320754716981132
fI8StEUxDaZYWiMss8gS4Q,36,3.7777777777777777,0.8055555555555556
fKrmWy4GFsrgdOYhN9pyZA,342,3.9415204678362574,0.7192982456140351
fLfU-Gw7eWx-7kHQh2tH9A,77,3.142857142857143,0.5584415584415584
fLk_N8vU25DNZmbU-70gkw,62,3.564516129032258,0.6290322580645161
fMWi5o0U30MK2JgvRl_blA,45,3.2444444444444445,0.5777777777777777
fVUurZgbWXzp2QzDzJzmpA,1246,4.484751203852327,0.8579454253611557
fiQxkb1pfPpvrr0oYYYBcA,102,4.764705882352941,0.9215686274509803
fiXeirZ9GpJxe7yRpuKiBg,101,3.5841584158415842,0.5544554455445545
fnGZspqyamRremXor0sAyg,16,3.75,0.75
fp7IHO1z53wYP4PzKSl11g,48,3.4583333333333335,0.6458333333333334
fzDcZVrT5XQmd1t_W0AguQ,8,2.75,0.25
g0lCOgLkkByZrhmwYzP5KA,83,4.253012048192771,0.7710843373493976
g5J9OJ5e8SgLYd2DL8_K9w,10,4.6,0.9
g6VJ6y-AzDGQy0Gj91UvUw,18,4.111111111111111,0.7222222222222222
g9MWxLxQdADqja0qN1HKkQ,17,4.764705882352941,0.8823529411764706
gAtJa5l8DC_IEBIp7ioTMw,12,3.6666666666666665,0.5833333333333334
gLNf3zUydIKc_cvUll-6gw,34,4.970588235294118,0.9705882352941176
gUvG-W-02lg5M1RY6n8bkA,46,4.173913043478261,0.782608695652174
gYrHa4CckDjgOQc5B-yTKA,107,3.822429906542056,0.7570093457943925
gebiRewfieSdtt17PTW6Zg,502,3.3924302788844622,0.5936254980079682
gg5jIrK0cQbb3rmZHrteUw,15,2.4,0.26666666666666666
ghLjxj4HoSHdflBEz2lIqA,115,3.6782608695652175,0.7217391304347827
gjCxTVItFxk46rCZ-YaiFA,349,4.478510028653295,0.8653295128939829
gkqfm6mTim9Rwopwjayc8w,27,5.0,1.0
grBPIq_eJCT_SGuhvMrUZQ,151,3.615894039735099,0.6225165562913907
gsXBNWHWhHv_f9NcwpVajw,29,4.413793103448276,0.896551724137931
h7felG8kSEuYpkYBhMwCmA,29,3.413793103448276,0.6206896551724138
h8DlM-VbvCNzpsTqihgUAw,43,1.558139534883721,0.11627906976744186
hDr_bt6MEwlGvGCCKzyzhg,192,3.8697916666666665,0.7447916666666666
hEpRFnkUl4C6NVOVSMiTVg,47,3.5106382978723403,0.5531914893617021
hJr6xw5Jn20ag2rHopI4eg,13,4.0,0.7692307692307693
hLUqElKTjOzpt_ZXkWVuiA,107,4.0,0.8037383177570093
hPzPpfSjgQkpWCD7YjcY-A,605,4.419834710743801,0.8479338842975207
hRoAwkrCWaqjBuYs4i9EYw,110,3.8727272727272726,0.7545454545454545
hVKH5oED9NgGaZeIiF547A,219,4.105022831050229,0.7853881278538812
hYlAyz4RM1kE7ErPhPQ2xw,33,4.2727272727272725,0.8787878787878788
hdCu74rz33m3EgDmdDn1SA,53,4.490566037735849,0.8867924528301887
hfN0fllM3m2jykAgToRTlQ,47,4.9361702127659575,1.0
hlb7WwqcCijqqbp8zye1dw,41,4.609756097560975,0.8292682926829268
hoDYuaDkTNvqAZdxruZADQ,36,3.4444444444444446,0.5555555555555556
hrEtM0WMgwhv19mzVnKiJQ,27,3.888888888888889,0.7037037037037037
hsHeiukmYUWH9L7CDX5Zow,5,3.0,0.4
hvynpnucDVWFpCPSruuaBQ,37,3.4594594594594597,0.6486486486486487
hxghdsVS3nJr1Y_KMobfeg,19,1.368421052631579,0.10526315789473684
i2yCrMQx5soH0jMFG32vxQ,32,2.90625,0.4375
i3pBufSYEgx3_nLxxRrtGg,6,3.3333333333333335,0.6666666666666666
i5C6RVgr03HSrgCl8oa1Fg,750,3.961333333333333,0.724
i9ASBmmIJS3RjN_UP-TtKw,40,2.8,0.475
iAE5tMDs1XSudlEzG-Z3aA,135,3.3333333333333335,0.6074074074074074
iFlEWAwE1MwcXREzgLNIsQ,8,3.375,0.75
iHdrLu8deF5GceB0V1rPhA,321,4.538940809968848,0.8660436137071651
iJp9sq8UddLSrUtIieoD0A,111,3.900900900900901,0.7567567567567568
iMTjejk6apJKzCukZnDw5A,663,4.285067873303167,0.8461538461538461
iQ_JNYzwvhSsToR4EHl4cA,52,3.8076923076923075,0.7115384615384616
iT78kOB6Ja3BJQdYipPa5g,88,3.7613636363636362,0.6363636363636364
iXkQGJF88zOeXtHMjBmeZg,47,3.382978723404255,0.574468085106383
icGg8xgDJVufg-xptMrDGw,159,2.6729559748427674,0.36477987421383645
idi-W3_au-lXyJQmHTmhAg,5,3.6,0.8
ifjluUv4VASwmFqEp8cWlQ,65,3.8153846153846156,0.6923076923076923
iuTj4Se42VUto09Stkiq4A,20,3.6,0.65
j-lxie7nEh3UeUTpiqekkQ,8,3.125,0.625
j1yb8y-jFwpG_hW9AH3PrQ,95,4.863157894736842,0.9578947368421052
j3Ml_qEFnDOaH5miNzG6xw,174,3.5402298850574714,0.6436781609195402
j3rAeZ9rnUwEDEQJQ7OWDQ,156,4.211538461538462,0.8269230769230769
j6TDQvbRoMszGR0hyaVxvw,57,2.7017543859649122,0.3157894736842105
j8c8WFqySY1eybnkJfgjSg,22,4.045454545454546,0.6818181818181818
jI9wCmBu77tExISLsVurOQ,16,4.0,0.75
jKocMyXjEqgb9dL9S5vrEA,105,3.8190476190476192,0.6857142857142857
jMAQupx06hHjie54wV2yNQ,15,4.466666666666667,0.8666666666666667
jMlE4wvspc0J-oN-SYUjQw,59,4.627118644067797,0.9152542372881356
jR3sTUWCPuOCWpdm8Pn-wQ,279,4.383512544802867,0.8387096774193549
jW4a3W9-UkFxpglHvo_Kqg,201,3.7611940298507465,0.6915422885572139
jWgZRpdHy8csA1sUz1auSw,23,3.260869565217391,0.5652173913043478
jZncFsMQdrq268OHq_Q6uw,109,3.908256880733945,0.7339449541284404
j_m8zce-jSRQn5JmC633GQ,253,4.32806324110672,0.8656126482213439
jfRq1KtjEGyPoMo9HZVw2Q,32,3.65625,0.59375
jh40gx3wcYX0NL_i2Dip-A,84,3.630952380952381,0.7023809523809523
jrSC1bwN2lz9dVBrNTejSg,211,3.4502369668246446,0.6066350710900474
jshnKTsnoXLSez5XD1qo7Q,56,2.625,0.26785714285714285
jssubXBNkiSJIhbKuDtmpQ,205,3.395121951219512,0.5560975609756098
jtECV91z0BVPyeu90wnCjQ,93,4.064516129032258,0.7311827956989247
jtgBkAQuchDYgkdsebzLsQ,320,4.196875,0.79375
ju4YP8SLdR_BmWr_-Xh83Q,231,3.7965367965367967,0.7142857142857143
k27OsQ3Bwpkr_cZkS2BO2A,47,2.617021276595745,0.44680851063829785
k6Ptrc94R-Mk549pDEVTFA,165,3.963636363636364,0.7575757575757576
kAGknILVe6xCv9a2uc5JHw,25,1.84,0.2
kHOXo-IZSpixpctmHsGlyA,16,3.8125,0.9375
kV1u9p8AEV7ItPlgXVODxA,11,3.8181818181818183,0.7272727272727273
kZtl_NJjUnlIQgzFrBhXyQ,234,3.675213675213675,0.6794871794871795
kdowTW3-5Qcr8je9LgItKQ,100,3.82,0.67
kfK0iQyhLIN3gOIzbLYwFw,24,3.4583333333333335,0.7083333333333334
krTxH1a9kzWgwvt3PVH8pQ,329,4.413373860182371,0.8449848024316109
kwqXOtLCbNjgvwuMj4H1AQ,70,4.714285714285714,0.9428571428571428
kwtKZ3fzM5jlR8Z7KIA17g,50,4.8,0.94
kxxexMsFL4xJLIafhXXFlw,162,3.8209876543209877,0.7592592592592593
l7NDxnGzb6z2_H08rtfS0w,61,4.229508196721311,0.819672131147541
lBIIzOvyq4z6MDRmkrjpyw,85,3.6705882352941175,0.6352941176470588
lNkxXDcNoHBpWDNPoZesYw,91,4.153846153846154,0.7252747252747253
lTVHJAvtFQbQb6cPstEXyA,63,2.142857142857143,0.2698412698412698
lXgITG2Ji6mhAPOmw4TRng,292,3.671232876712329,0.6746575342465754
lZ44dxn1TCzJaVBa8Ze8DQ,273,2.879120879120879,0.4542124542124542
lbHEB5BIm-3GfpvdzSwFLw,8,4.0,0.875
lkwj0-9Sc_anMVNlnuqYAA,12,4.25,0.75
lmKb382_WPMU4svBenUwHA,38,2.6315789473684212,0.3684210526315789
lmQjsnT_IK_OOdsbghiojw,50,3.68,0.7
lnGHZ_pEJNGT9pcGQ467Ew,52,3.0,0.4807692307692308
lq7dE9c10OvRfd_edJoyMg,79,4.1265822784810124,0.7341772151898734
lqwbnNd_SXzkIK_pkU2FkA,26,3.8461538461538463,0.7692307692307693
lu2UpRHLBZfvLG_caNEHKQ,576,4.09375,0.8402777777777778
m-EfDi7UBwdiEBm7NXqq3w,152,4.078947368421052,0.8026315789473685
m2iS4YYmcq6pFpaGCtO-Iw,14,3.4285714285714284,0.7142857142857143
m4kvY0viCwxqRtgOycnKVQ,784,4.6313775510204085,0.9158163265306123
m4xrhESFLaA7PiddXeg2aw,190,3.6894736842105265,0.7526315789473684
mAe2vv24uxf6MlR4-yXSSg,142,3.8380281690140845,0.6830985915492958
mAqgsZBTN-wsShMpkz2o9g,145,3.1655172413793102,0.6
mHmIoIGOfpidrS1fYQ9PbQ,93,3.3548387096774195,0.5698924731182796
mMuvlDGcJrokNFd4ob9tcw,34,3.9705882352941178,0.7058823529411765
mNmUN0HghVFeAYTJ5GwxoA,50,2.66,0.38
mQ9CsjWobwak1PMvZTSPQg,28,3.392857142857143,0.5714285714285714
mYofSuxrIrPS2Gjsu-ZI4w,48,4.5,0.9166666666666666
mZ-pJSdAVrBa7ioXVzE7-Q,22,3.3181818181818183,0.5454545454545454
me_-zWgGZATKrljrJ-jvKA,13,2.769230769230769,0.38461538461538464
mjMJxBpW_Pg1b4duNPJsTA,19,4.0,0.7368421052631579
n-l92t6SSJn_hqtpaJXdwA,18,3.8333333333333335,0.6666666666666666
n0Z10UAJO187H8Zp8gl-rw,145,4.062068965517241,0.7586206896551724
n67s7eDowWHlfhVtCElxGQ,35,3.8857142857142857,0.6857142857142857
n6reYUBVF9buglcojgB0FQ,6,2.1666666666666665,0.3333333333333333
nAZEMdurfbWLxl9dryfgeA,120,3.475,0.6166666666666667
nB0dV8yPv29F3-CFMPG8cw,749,3.57543391188251,0.6315086782376502
nMn4CTJQPXqpgLltYQrxMA,243,4.679012345679013,0.9218106995884774
nTZuJSfwCoNOyA1yS3rbOQ,7,4.428571428571429,0.8571428571428571
nYPzsOjvida-ne7swSPHpA,1002,4.295409181636726,0.811377245508982
n_RyzuCAiR4yW2JLkl0Jng,21,2.7142857142857144,0.6190476190476191
n_fADQa8T0dgLd-D8ABEhQ,21,3.8095238095238093,0.6190476190476191
ng12rnK6ZGFddlC15c6Pqg,9,1.5555555555555556,0.1111111111111111
nhOMsw22-rz9kXSKwBZYAQ,8,3.875,0.75
nkLla0nBTUPL6yj-zX6eaw,36,3.5833333333333335,0.7222222222222222
nnn78cplvQGZSMVblpI5gQ,234,3.2222222222222223,0.5341880341880342
noiUCN8A9Vdm9pUbWX6K-w,59,3.8135593220338984,0.7457627118644068
nqsrL6BuIevb285dbdXjjA,10,2.7,0.2
nx01nL2of3ngBwA6XZYqEg,6,4.5,0.8333333333333334
o0AG9SfwVaZ00cURT7Q-Ag,5,3.4,0.6
o4IiNbNybcy-L4vzTSoDJw,694,3.8688760806916425,0.7046109510086456
o7NjFfP5ENPBLXsSnBcrlg,89,3.3707865168539324,0.6404494382022472
o9dB3ptlB9qdiOvJzMeSLw,183,3.3442622950819674,0.5846994535519126
oGDGlUbOjHxmmCh8ZYcDCg,1562,4.179897567221511,0.8008962868117798
oH1xQrw8SBPhUQUlqjNZPQ,18,3.5,0.6111111111111112
oJwMmSZKJOnMboZ_z67MZw,95,4.4526315789473685,0.7894736842105263
oS02owt-XB2RtDbogYyn-A,50,3.64,0.62
oTcezJoCe30NrwiNFsoLXQ,141,4.326241134751773,0.8297872340425532
oYireVavpwflbyWes2BsqQ,5,2.4,0.2
od_MWVpghkvSsl1HKasM9A,57,3.807017543859649,0.6491228070175439
odpuyU1jGDhhQ54d3dG3sQ,201,3.6517412935323383,0.6268656716417911
oinV9xrSkR3b_T8sK1nsqg,265,3.732075471698113,0.6566037735849056
okc-iCgWvKGa1DfQSOh1Ig,10,4.2,0.9
oktohqIGhMQxOP7h5ugHlg,306,3.973856209150327,0.7352941176470589
ol6ATB97MdIuhm6yAGOeMQ,505,4.392079207920792,0.8732673267326733
onLwomlGswMhhmOEAeAVEg,389,3.6375321336760926,0.7249357326478149
opcGJ-lCNTLhRRuGxVkCnw,22,4.2272727272727275,0.8181818181818182
oq4-qHT6EJeR81GBDq1OVg,49,4.1020408163265305,0.7346938775510204
p2kC-cD22QAQzIGD8ZuqFA,75,3.8533333333333335,0.6666666666666666
p5rXRkSJtAKcWd4GY71avQ,181,4.375690607734807,0.8839779005524862
p6yHZaiijFq4b4P3sYSRjA,34,4.5588235294117645,0.8529411764705882
p73i2GDzPRZJbYBa8qtpSQ,147,4.01360544217687,0.8571428571428571
pC0vDDpl_2ue3HGAmGpMSg,5,3.2,0.4
pGtaxpSxxpmqPs6FAR1W_A,12,2.0833333333333335,0.25
pKSB4wXLiS8rd1cAEgD8oA,80,4.35,0.85
pQ7eCSOtLI3CaZX-TEvX4A,5,3.8,1.0
pQh2GzkAnbLKiDqEpxcylQ,11,4.818181818181818,0.9090909090909091
pUeTnGsnVi-H8RJ6prFFgw,26,2.3461538461538463,0.23076923076923078
pWDE_rueENu_f5HKA_AsWw,163,4.177914110429448,0.8404907975460123
psZB8nX22WvadV3iUShUBg,35,2.8,0.37142857142857144
pwblP3G6LkVT03I4z9kb0A,67,3.2388059701492535,0.6567164179104478
pyFEy1qXkmYJDHxVvpK7cA,76,3.9210526315789473,0.7105263157894737
q-1ICFSqs2MwDGfe5tX-SQ,354,4.172316384180791,0.8361581920903954
q0DRuEAxE5i57xNSTrDP4Q,329,3.5379939209726445,0.668693009118541
q36uZc2hQml10YGHazJaoQ,151,4.503311258278146,0.9205298013245033
q3z5nfCo6HmXBPgJ4OXrtg,27,3.962962962962963,0.8148148148148148
q75UQjNm6AEK4XNnkDLxTQ,166,3.819277108433735,0.6746987951807228
qJqTXdv2ukMDUYGb-oAG-w,30,1.8333333333333333,0.16666666666666666
qM2gfO-cqpDzxmIX-XzuWA,80,3.85,0.7125
qUH2FppY7RL96F5tXzA0hQ,643,4.223950233281493,0.8460342146189735
qVitsouI4aBiYx1_Fjn0Pg,273,4.157509157509158,0.7728937728937729
qcWH6YUyPFXUYka3rV8m8w,41,2.6341463414634148,0.3170731707317073
qdCGZDlBuetCWcV9rrU05Q,38,4.0,0.7631578947368421
qdpdUjdkEUpzYDdce2yZng,196,4.086734693877551,0.7959183673469388
qmOn3S_BzihpLP2aMG9QSg,82,3.841463414634146,0.7682926829268293
qnv_h-O1DzaHIL1sKrI-Yg,39,3.9743589743589745,0.717948717948718
qsc66GLioJicWLYn7VG9LQ,8,3.5,0.625
qvXw3V4_9Pu4E7Qoi7-cKA,71,4.633802816901408,0.9154929577464789
qx2YTFXfVDwQUfOeWCFfbw,47,2.9148936170212765,0.46808510638297873
qyLw23TAfWNJMSuIJBpc8A,65,3.830769230769231,0.7384615384615385
qyXcWGL5-bU_uV2VKxqzTw,168,3.732142857142857,0.7023809523809523
r2IhvKZQ_wLR5mLBnPOilg,572,4.2972027972027975,0.8321678321678322
r5sQtvsO4OVJgEH5H3uEAg,73,2.684931506849315,0.410958904109589
r8tU21scBflMxWiBESPtRQ,208,4.298076923076923,0.8509615384615384
r926yelr_EJAKQCjdD6AWA,528,4.079545454545454,0.7784090909090909
rH80UXr5YBv4um7phwwwMw,56,3.5357142857142856,0.6607142857142857
rPVmM0aJbC6lU_mnDiZ2Rw,224,3.9151785714285716,0.7410714285714286
rU8HgGMR8Qd8_SkvKANdEA,70,2.7142857142857144,0.32857142857142857
rUePoREIOze59D3fd6B6ew,49,2.2244897959183674,0.30612244897959184
r_UPGh9GHMyBhPVMKVxRuw,36,4.416666666666667,0.9166666666666666
rh6O8NtKJUhqZ0G2Pkpj2Q,404,4.183168316831683,0.7995049504950495
rsEy48n_jB0I-Mofec1NJA,108,3.925925925925926,0.7314814814814815
s-iUpeKVCuPd5m4OJ3HixQ,82,4.0,0.7926829268292683
s27GlS3WCN7b4dxTpainrg,8,3.75,0.75
s4k1P9FHfPUzw3dqXRp7eA,235,4.463829787234043,0.8723404255319149
sCJEbsv0KEsx_IifiFjGDQ,28,3.607142857142857,0.6428571428571429
sNyHfboSOs-ESN76cYFfTA,35,4.314285714285714,0.7714285714285715
sQFk2gZFUCmLhfYX0ufPbA,77,3.675324675324675,0.7662337662337663
sXaIwcg_nV79tPMenha6hw,120,4.316666666666666,0.8
sc-MRSa8K0BTE5m3tmgrQw,288,4.184027777777778,0.8263888888888888
scH9yupjqMr-XP3bzJGY0A,225,3.9066666666666667,0.7377777777777778
sdzD-6O7eKIYgF9WzOuasg,152,3.9210526315789473,0.7828947368421053
sj2o49ZCq2iJlZxDNrHDaA,155,4.406451612903226,0.8387096774193549
sjNVeNqhDjEFHoOybnt2ug,158,3.7025316455696204,0.6392405063291139
sjWf71VmU5HIwqX8RGCLJw,22,4.318181818181818,0.8181818181818182
sk0IM8koYo1o9-k_rpkmxQ,99,4.494949494949495,0.8282828282828283
skY6r8WAkYqpV7_TxNm23w,2588,4.0347758887171565,0.7801391035548686
soaZ7_oU7xcphlw6gpWblg,49,2.938775510204082,0.4897959183673469
sor6oj-nuslOcSx7di4urA,340,4.135294117647059,0.7470588235294118
spm1KEE-5jAJVTE0ldpzFA,6,3.8333333333333335,0.8333333333333334
ss7TePuqCeqJXhVtsKTwow,15,1.6,0.2
ssZSQ7HzLFBbm41gWubXKQ,50,3.12,0.58
svKDkmALJNcToJxEsU_bpw,7,4.142857142857143,0.8571428571428571
syuKX2pH3JJhOOppzNI6SA,193,4.647668393782383,0.9015544041450777
tA1IXs5GeNAqnJgaD4ajZA,46,3.282608695652174,0.5434782608695652
tGQytMbOXDdZS_OSK9hkBw,151,4.2052980132450335,0.8145695364238411
tS47dXDlx9t-6B_F56cKUA,102,1.9019607843137254,0.20588235294117646
tSmUxIto8yAqijDgsjLBRQ,10,3.9,0.7
tZnPqmwGcLjYeBdwyvhazg,28,3.9642857142857144,0.75
tf6S06LD09IFDHUpOPqPaw,867,4.570934256055363,0.9077277970011534
thlyktt2c7v1DyOpSVSibw,921,4.116178067318132,0.7958740499457112
tiSIiacOzflrMMwJEXVFIA,96,2.9479166666666665,0.4270833333333333
tjIIpbimdbi9Lrb-DoIzKg,67,3.7761194029850746,0.6417910447761194
tm87DWqehpt79ZInFVmv1w,56,4.0,0.6964285714285714
to6wzDW0qBkrY6zttmngZg,6,5.0,0.8333333333333334
tthy48ZIX_wfY8Dy0Dvg6w,1487,4.395427034297243,0.8386012104909213
tyt3pz0x3ZB8GXsSx1a9Aw,256,3.90625,0.7265625
u3uB0GD7cVf5NC-AFHdwnQ,10,5.0,1.0
u9oG6CVhS9dJR5ZHS5q23A,134,4.6940298507462686,0.9029850746268657
uEv1I-0r82Krj4eEysjC4A,124,4.629032258064516,0.9354838709677419
uFF40n9pOqHK1ciajdoSEw,72,3.013888888888889,0.5138888888888888
uGo0TCVNOcDQxMArUU0Jrw,572,4.085664335664336,0.8129370629370629
uI15YInpDsGBUZcNfm_TfQ,174,3.9655172413793105,0.764367816091954
uJc9lKaxLNBZch866x4_pA,53,3.9056603773584904,0.6981132075471698
uLRQINpcDXof3b3QowTzfg,97,3.422680412371134,0.6804123711340206
uO39--k_hrCFgZh-Bl8m8A,414,4.509661835748792,0.9154589371980676
uPaVoR6XHk12KT9KTr1WFw,151,3.0,0.4503311258278146
uQSCNdPI0dC_sPsOh1U8NQ,42,1.8333333333333333,0.19047619047619047
uQcKo8m34OULhySxwRaOAg,9,3.5555555555555554,0.5555555555555556
uRz7uwSoU5n0uzBac_UcxQ,10,3.8,0.6
uXxrl2LRH2mB1uw0GJF4GA,71,3.619718309859155,0.7183098591549296
uZYBF0YTU_iKq4_L_PDtMQ,1187,4.173546756529065,0.8222409435551812
ugkzb_3jAcK0RZLxIeK7gA,5,4.2,0.6
uozdxwCZUHPubziu76Y2Ag,33,2.606060606060606,0.36363636363636365
upxQiiUF-6NM9jOJCxS_hg,8,4.0,0.875
uqsJ4HJWaPuQMc55ahwiDA,153,3.823529411764706,0.7320261437908496
urEO2v7ydkJ-j9tUUmXpZQ,7,1.4285714285714286,0.0
uriD7RFuHhLJeDdKaf0nFA,304,3.7434210526315788,0.6710526315789473
ut45DX7-QaOWLzYRlBSbGA,156,3.4935897435897436,0.6666666666666666
uvb3NcpqBEaCrrcyfNF-wA,82,2.573170731707317,0.34146341463414637
v4AMcIZ--hXZuJIg3luUgg,797,4.519447929736512,0.8833124215809285
v4lz71o76wWD8H15NsbZGA,438,4.079908675799087,0.7945205479452054
v5M6gYtiaGG5zuvAVSxNTA,5,2.6,0.6
v5jxpGnKbx3vVxs28dgokQ,196,2.923469387755102,0.45408163265306123
v7dKKlpLH36GQTIX5qIReQ,112,3.955357142857143,0.7321428571428571
vC2qm1y3Au5czBtbhc-DNw,170,3.135294117647059,0.5352941176470588
vDBfhX1XI4uRWBCQQNRsUg,148,3.925675675675676,0.777027027027027
vDYkWElzs38G4vzgLqwX-A,20,3.65,0.65
vLT1KtrA9bWvjFOg-0xVIg,138,3.369565217391304,0.572463768115942
vNRTLUP22o1X3sMURoiB9A,97,3.814432989690722,0.711340206185567
vTXNVK73GOvVb3js4w8SLg,41,2.341463414634146,0.2682926829268293
vZG0BDPGDJxMGiXcGoVU6w,187,3.8609625668449197,0.6631016042780749
v_8DrVtUIHE0o62Ps926Yg,42,2.9523809523809526,0.35714285714285715
vgDl4_ZjoLLIU2ZPL83GIg,19,4.2105263157894735,0.8421052631578947
vhWlxyLEWAbNOMtQ42yzFg,501,4.297405189620759,0.8383233532934131
vi5xjfEhV6rnXrC_GbdhnA,88,3.590909090909091,0.625
vj6AetpADpHOYtMRZsXX3g,829,4.219541616405308,0.7949336550060314
vmq2cm0Ayol4toVsL4dZfA,193,4.316062176165803,0.8549222797927462
vsrryxBR2Jykl71qa1H6SQ,121,3.8016528925619837,0.6942148760330579
vyNMRa4U9gnrCzqR707GZA,6,4.166666666666667,0.8333333333333334
vyxxsn2l6ELF2Yoxr6BWcw,7,3.0,0.7142857142857143
vyyr3G874jpRYSQo2KPZow,120,4.791666666666667,0.9583333333333334
w1l5vu31SJgPLTp6nlLWEg,8,2.5,0.375
w4P_EBFH6MdfbUwM-xJQdQ,9,3.4444444444444446,0.6666666666666666
w79qtK0PpeDWrnY7E-uTRg,28,3.25,0.5
w8AxfAjNq7wU5jHmpLSpNg,243,3.6213991769547325,0.7160493827160493
w8fA94jzTNiGAIZz87y9Cw,6,3.1666666666666665,0.6666666666666666
wEWy_NbtwcgNY2dKEmnACA,8,2.5,0.25
wFES5bGDiPANW13hNHnXOQ,386,4.217616580310881,0.8134715025906736
wFNDV56dxETK8lpJKdCbCQ,23,2.869565217391304,0.5652173913043478
wJiaLWAxfqDeFsmE2cI8tg,268,3.578358208955224,0.6753731343283582
wK2IixmZUOEFGz1QZqR99Q,76,4.2368421052631575,0.8289473684210527
wKOD2ZWMpiJcdSswRXVuRA,150,3.6533333333333333,0.6666666666666666
wMZAnrfwV-qHiV5zdTSrzw,306,3.9901960784313726,0.7450980392156863
wO4IO1uTN65jkYdaBJCL8A,87,2.9770114942528734,0.4942528735632184
wUHUyTrOpUcTVTQpyZFo8w,34,2.176470588235294,0.29411764705882354
wX4ap0Qy5ZK6Hy2iKvBqXA,54,4.185185185185185,0.7777777777777778
wb9P0ipW4ysbgNA9jIl3bg,181,3.7790055248618786,0.7182320441988951
wfjqxgLSsLtyzswzQBziSw,168,4.130952380952381,0.8273809523809523
wmEZ3OqLuD1Z6b3mJSl1yg,56,3.857142857142857,0.7321428571428571
wrtx446YNQoQa5U7UI6j5w,24,3.7083333333333335,0.6666666666666666
ws0mjFrkanX_sXoUVRh8Uw,64,3.703125,0.765625
wupvqueqdEZXQxv14sa9vw,469,4.08955223880597,0.7739872068230277
wuzoQhym6ll3fjAiVgIJbw,111,3.7387387387387387,0.6846846846846847
wvD7TOuE-qUhkyXoi8K8hA,253,3.972332015810277,0.758893280632411
wxsOj_q1XOye3ug45Hh5nQ,19,3.6842105263157894,0.6842105263157895
x1YPj22nR3b0S_fDVWTGZw,66,3.9393939393939394,0.7424242424242424
x2_m8MqR9zEiKCiQqAcadw,54,3.8518518518518516,0.7592592592592593
x3D4pyClaewoT1H2Jzcmjg,9,4.0,0.5555555555555556
xCbzGlxwX6QrS9t9uRcflQ,16,3.3125,0.5625
xGaYXbXGwagUKPNEaVqbWw,75,3.0933333333333333,0.4533333333333333
xRapA2lG7mjJ6eOqHmxe-A,157,4.012738853503185,0.7388535031847133
xUd0QOyVzx9SQhWulcOPAw,63,4.761904761904762,0.9682539682539683
xUkr5K9vgjzvLCZBYFZ3Vg,8,4.5,0.875
xVtO6a4dqKQQzMXkSPL80A,77,4.012987012987013,0.7272727272727273
xWJjVW8-XqswB-5VugAr7w,6,3.0,0.5
xdEND5C5s4FqCqgf0p7EBg,29,3.206896551724138,0.3793103448275862
xkS_mRHVHuX0ko6kVIyBdA,256,4.02734375,0.7421875
xkYNvZlraS1JGleICGhE1w,132,3.6818181818181817,0.6742424242424242
xv_nZ8E7DFiKDjFi9syKsQ,60,2.316666666666667,0.3
xwSWtJcQkzTF6HNm_IMgcg,96,2.5104166666666665,0.3854166666666667
y1ZPi7c6sSkWdE1p2vUo-Q,148,3.945945945945946,0.7364864864864865
y4x_wAQvUxvTR8iV-JP4Jg,511,4.12720156555773,0.812133072407045
y8RbDyDJd-zGcgThqIZWDg,36,3.8055555555555554,0.6111111111111112
yE8r8JXplgnr4XxRivkdLw,28,4.107142857142857,0.8214285714285714
yEmEDomLUofVtbZoUeFV5g,315,3.815873015873016,0.7206349206349206
yHtS6dj20tl3ht32w6K6Qw,11,2.4545454545454546,0.2727272727272727
yIAgFdYQY3UdfDn-qO0K7g,69,4.3478260869565215,0.927536231884058
yL1yC5OOawjSamAb9Wjm5A,23,4.826086956521739,0.9565217391304348
yLqFm4epPkbkPpan9gmEjA,17,4.235294117647059,0.7647058823529411
yM7eA2uuH3Ch7OYVj3PKSw,87,4.35632183908046,0.7816091954022989
yPSejq3_erxo9zdVYTBnZA,3889,4.48932887631782,0.8711751092825919
y_s6hHqKycP4L_pV0JlLjg,14,1.5,0.14285714285714285
ycbmvmBYk4w_ZmdrPL0tBQ,373,3.96514745308311,0.7319034852546917
ygZyTUWS4dbVL8d6vAiN4A,69,4.043478260869565,0.782608695652174
yghgUguk26YykduF52CDdg,13,3.230769230769231,0.8461538461538461
yqJuEIGZpA9ILqCuBCWDkQ,60,3.5166666666666666,0.6
yuHv4P8RUG8rWKnx50azWA,12,3.1666666666666665,0.5833333333333334
yw3vRR7XLIjEnlhMnVzR7w,244,2.692622950819672,0.4385245901639344
ywXa1pDqHPe9tOPx0yJFUg,59,3.1186440677966103,0.5254237288135594
yy6suHtRjIg3RwsNt5vstA,89,3.2808988764044944,0.5617977528089888
z-9_8ot2TnKL9DX4k3MYMQ,355,3.230985915492958,0.5887323943661972
z-O652VzhRqME3ev9LqH2Q,60,4.35,0.8833333333333333
z31te0YMSegTdktp3qYqGw,201,3.1044776119402986,0.4925373134328358
z5N7vgaNSBpjKT_gbY53sw,58,3.2586206896551726,0.5344827586206896
z6I4QVP1M1HXETgwD92XHg,494,3.97165991902834,0.728744939271255
z9-8KvMAlVK46De-G3sNJQ,241,4.153526970954357,0.8215767634854771
zE8kXF0_2Twh4AhcewlFGw,17,3.9411764705882355,0.6470588235294118
zJpZ-uQ_F0XVgK1u98uWSg,13,4.384615384615385,0.8461538461538461
zNbRWVCKNe6gBShmnuAQNw,116,3.603448275862069,0.6379310344827587
zV71Cfo4_jnkpr5_KH2HWw,9,2.7777777777777777,0.5555555555555556
zVxDd79gdZcfz-O14QBCrA,12,3.5,0.8333333333333334
zWwGjQlUEiLS7hCXDkBGzg,40,3.825,0.775
zYTQOpgMSMaFNkcCAvJR3Q,6,3.5,0.8333333333333334
zZrDoiQIUmiVkifJx0h_KA,8,4.375,0.75
zeAfmYy9b1gfUJLRBHm6vQ,243,3.8930041152263373,0.720164609053498
ziXR7sUrbKRCNeDqfjibUg,270,3.72962962962963,0.7148148148148148
zpuFEeAhrNzXPkOlBf5Kog,116,2.810344827586207,0.4051724137931034
zu4p6IZLSVn2Noto-vcwzw,171,3.56140350877193,0.7192982456140351
zxW8zECvT_SqejieMMjb5A,16,3.625,0.6875
